GaiaDR3_ID,st_age,st_ageerr1,st_ageerr2
1003351437484254464,11.48,1.93,-4.67
1008018211509401728,1.35,0.18,-0.18
101040381244467968,0.69,0.2,-0.2
1011435012611767552,3.1,0.9,-0.7
1022456104850892928,4,3,-3
1023492257121204352,2.4,1.8,-1.8
1023967108706495360,9.7,3.9,-2.7
1044013542142711296,8,4.1,-4.8
1048109222955337600,7.5,4.5,-4.5
105332908999068032,6.39,1.94,-1.94
1053809778428567680,6.7,5.1,-5.2
1070387905514406400,5.3,4.7,-4.7
1074139748425931008,4.9,2.3,-2.1
1076515002779544960,8.3,2.1,-2.1
1076970406751899008,1.98,0.95,-0.79
1092230803512999424,4.604,2,-2
1094545653447816064,7.1,4.6,-4.6
1095822117729707264,1.8,0.5,-0.5
1101653957463314688,3.6,1.8,-1.4
1104269596843209472,4.3,3.5,-2.6
1111639314047794944,4.8,2.1,-2.1
1114308481603347584,1.88,0.9,-0.2
1116613161053977472,1.5,1.6,-1
1117620107545810944,5.6,2.7,-1.5
1126422935076082176,4,NULL,NULL
114340658009875072,2.69,0.81,-1.14
117190351631297152,4.2,2.3,-0.8
1176209886733406592,0.96,NULL,NULL
1193071962699902336,7.1,4.2,-4.2
1200751810900182400,7.8,5,-5
1220404653534258816,1.74,0.37,-0.37
12320268307415552,1.1,0.6,-0.6
1247603719345703808,8.2,3.5,-4
1255520718461480960,7.5,2.8,-2.5
1265513389372846848,1.02,0.62,-0.62
1270814787767025408,5.5,0.5,-0.5
128623485853170432,9.4,4.1,-4.1
1291955578869575552,2.9,2.2,-2.2
129321160344480512,8.4,0.6,-0.6
1319243773843954304,0.3,NULL,NULL
1323427759184545536,10.2,0.5,-0.5
1334288219648212352,4.7,1.7,-1.5
1334573817793362560,12.4,4.4,-6.4
1334643739861016832,10.7,NULL,NULL
1344163891352965632,1.6,0.2,-0.1
1358355738906114816,3.6,4,-2.7
1358614983131339392,1.46,0.29,-0.26
1363205856494897024,7.2,2.8,-4
1372215976327300480,7.1,4.1,-4.9
1380293091823646720,5,4,-2
1380825667768742144,1.44,0.47,-0.47
1401760747118886016,9.6,6.6,-6.3
1402405129651594624,6.4,0.6,-1.9
1404488390652463872,0.3,0.05,-0.05
1411414596649598208,0.321,0.096,-0.096
1411707818360668416,0.6,0.2,-0.2
1416731285125373184,2.95,0.229,-0.229
1420011162670761600,7.2,4.6,-5.1
1424011082893734272,2.29,6.8,-1.51
1428639816392087552,3.2,0.7,-0.3
1428639816392087552,6.6,1.8,-1.8
1433062331332673792,12,1.1,-3.8
1438038102484626048,1.1,0.04,-0.04
1438888501713397760,5.5,3,-2.7
1443530266145475840,6,0.8,-1.7
145196252820109440,0.0033,0.0009,-0.0009
1457486023639239296,6.8,4.6,-4.5
145916050683920128,0.65,0.07,-0.07
1460876573902483328,3.24,1.2,-1.2
1464700950221781504,4.9,0.66,-0.46
146487556211644544,0.001,NULL,NULL
1476485996883837184,2.1,3.4,-1.5
147831571737487488,0.0022,NULL,NULL
1490845584382687232,0.21,0.02,-0.02
1490845584382687232,0.338,0.077,-0.081
1490845584382687232,2.7,3.6,-1.9
1491634483976350720,6.9,0.1,-0.1
149629483705467008,0.001,NULL,NULL
1497132660589966976,3.1,1.9,-1.7
1499514786891168640,2.5,2,-2
150054788545735424,2.6,1.2,-1.2
1506159170017461888,7.5,3.6,-3.6
151374202498079872,0.001,NULL,NULL
151499478104075008,0.0025,0.0004,-0.0004
1530780980576364032,5.45,2.06,-2.06
1545570133528453888,7.2,4.4,-4.5
1552562615159689088,10.8,1.5,-1.5
1556242405699527424,1.1,1.6,-0.8
1560420854826284928,4.73,0.39,-0.39
1560676770454324224,4.5,NULL,NULL
1562935820172427392,5.7,2.3,-1.8
156917493449670656,0.003,0.002,-0.002
1574358783911530624,4.2,2.5,-2.2
1579929906250111232,0.1,0.05,-0.05
1581657479535392256,7,4.6,-5
1581799694493008384,4,1.9,-1.7
1585783740516554624,3.8,1.5,-1.3
1587399232335653760,6.2,1.6,-3.8
1610837178107032192,1.4,0.3,-0.3
1611685004650291840,3.1,1.6,-1.6
1612165353793791488,1.9,0.2,-0.2
1614731957531452544,2.65,0.74,-0.74
1616054670018575872,3.4,1.5,-1.2
1620024491110370688,0.133,0.026,-0.026
1629404184289170688,9,1.4,-1.4
1630385635856016256,5.9,2.4,-2.3
1630906044157332224,1.3,0.3,-0.3
1631416599805196544,2.3,2.8,-1.6
1635108588053258752,3.1,2.3,-1.8
1636690613486307840,2,0.3,-0.3
1643587094013359360,4.6,1.6,-0.7
1644692064543192704,6.4,3.5,-3.2
1647136729864424576,4.3,1.7,-0.6
164800235906366976,0.0033,0.0006,-0.0005
1650110904522335744,6.3,3.6,-3.2
1650851223740149504,7.1,0.6,-0.7
1651268763282397312,3.3,1,-1
1651807592698185728,9.7,2.8,-4
1651818622174190208,3.9,1.5,-1.3
1651911084230149248,2.53,0.43,-0.43
1652137995942479744,7.5,4.4,-5.1
1654516686269888896,4.9,1.1,-1.1
1656835487573730048,4.5,4.6,-3.1
1675511792082576384,2.5,2.5,-1.6
1675923009431370880,0.245,0.135,-0.135
1676299557803904000,6.3,6.3,-4.4
1677343097418015488,0.7,0.15,-0.15
1678074272650459008,4.6,1.6,-1.2
1678371724905519744,4,2.3,-2
1679187115856566528,1.6,0.3,-0.3
1685195530290375168,0.8,NULL,NULL
1686171213716517504,8.7,2,-1.9
1695343683312903168,6.2,1.4,-1.4
1697129530714536320,5.6,1.2,-1.7
1709456705329541504,3,2,-2
1709691004385812864,1.6,0.6,-0.6
1712614124767394816,7.9,4.9,-4.1
1725490333641502976,0.8,1.2,-0.6
1737061349198867456,4.4,8.4,-2.4
1740534092250753920,4,NULL,NULL
1744911763437512064,0.8,0.2,-0.2
1750321012752775040,4.81,0.191,-0.191
1754430373040023168,3.12,NULL,NULL
1757302881526250496,3.9,0.8,-0.8
1772187382746856320,0.3,0.2,-0.2
1781063087283857664,2,1.3,-1.3
178924390478792320,2.9,2.2,-2.2
1790807028049001600,9.7,2.3,-2.5
1803475188714186368,8.9,3.9,-3.9
1807887150930343424,9.6,2.8,-4.1
1808938730710633984,4,1,-1
1810218734058821632,1.7,0.4,-0.5
1816307623283205248,4.2,3.4,-2.3
1838769198425933568,5.3,3.1,-2.3
1846882224145757056,0.1,0.05,-0.07
1847742385838236416,1.32,0.35,-0.25
1864885215233116032,3.1,0.3,-0.3
1869054868256849920,6.6,1.8,-2.4
1869489729418662528,4.11,0.66,-0.52
1891930796082743680,10,NULL,NULL
1896138833241139584,6,3,-2.5
1900293230549817856,1.8,2.9,-1.3
1926476042681491712,0.03,0.12,-0.01
1950477552581609984,6.1,3.7,-3.7
1958584565350234752,6.6,6.6,-4.6
1978027916667478656,2.33,0.71,-0.56
1986772848034988544,0.12,0.01,-0.01
2005028761147595648,3.2,1.9,-1.6
2009481748875806976,11,2.2,-2.2
2009481748875806976,12.46,NULL,NULL
2016655237613545728,6.2,0.5,-0.5
2024845946447691264,2.76,2.24,-0.95
2029433521248546304,11.3,3.5,-3.5
2032764938419327616,2.5,0.5,-0.7
2033123654092592384,0.6,NULL,NULL
2034047656176989952,6.35,1.85,-1.85
2035963417721248128,4.4,2.2,-2.2
2042653052618584960,5.72,3.37,-2.65
2048174967505679488,2.37,0.77,-0.56
2048464796210957440,2.55,1.95,-1.95
2048563889694771200,0.6,NULL,NULL
2050231848829944320,6.2,3.5,-2.8
2051034251798891904,8.71,4.14,-5.82
2051103314872392192,4.37,5.38,-2.68
2051106987063242880,1.9,1.7,-1.7
2051669906960994304,3.8,2.28,-2.08
2051721480924900224,2.45,0.997,-0.791
2051722855314502400,3.72,1.99,-2
2051748659478657152,4.07,2.72,-2.3
2051807620790721792,3.89,2.96,-1.91
2051815759742763264,4.47,5.74,-2.68
2051865551307698688,4.47,3.91,-2.47
2051866238502437632,2.9,1.6,-1.3
2051896440713570048,4.07,5.97,-2.41
2051897265347291520,4.37,3.1,-2.56
2051905030647886976,3.63,5.57,-2.02
2051926226306177792,3.98,4.07,-2.33
2051933102555095936,7.1,4.4,-4.6
2051933343073295232,2.88,1.1,-1.11
2051937019565051520,3.09,1.42,-1.4
2051937638040407808,3.24,0.952,-0.62
2052069201482198784,3.72,3.68,-2.02
2052074389802779904,4.57,6.1,-2.78
2052085934674652544,2.69,1.32,-0.958
2052086072113643264,3.39,1.6,-1.76
2052117923590073600,7,3,-4
2052124692458750976,4.68,6.11,-2.9
2052136752727511552,1.35,0.33,-0.19
2052140601018026496,4.47,4.18,-2.71
2052144621107902208,4.27,3.6,-2.5
2052168466766597120,3.09,1.09,-0.61
2052203273182353920,4.47,4.82,-2.76
2052212996988534656,3.8,4.97,-2.26
2052232410241029248,4.27,3.92,-2.54
2052234368740841600,3.63,1.79,-1.91
2052356964290178048,4.17,5.51,-2.54
2052388643966743424,2.63,0.959,-0.944
2052392835854583936,2.51,2.14,-0.96
2052397886736075264,2.24,0.85,-0.668
2052435819888356864,4.27,3.37,-2.54
2052450079180319744,4.27,2.83,-2.32
2052456263933727744,4.47,5.7,-2.75
2052480728067657600,2.88,1.22,-1.17
2052548107508601216,4.27,3.11,-2.31
2052559480582595456,4.37,4.19,-2.56
2052567623840745216,4.07,3.6,-2.37
2052568585913107072,2.95,1.29,-1.2
2052582432887909376,5.4,3.4,-2.8
2052585044228107008,8.13,2,-3.37
2052603289249806976,2.82,1.83,-1.2
2052616586468670976,3.31,2.62,-1.56
2052629162133190784,2.14,0.47,-0.38
2052643696302706944,4.37,5.68,-2.73
2052653729346427136,6.46,3.14,-3.87
2052662422359019904,4.79,3.44,-2.8
2052666992204482816,5.25,5.95,-3.3
2052691044021500032,4.79,5.9,-2.86
2052695678282371840,4.57,3.67,-2.66
2052717466660745984,3.39,2.04,-1.71
2052721692908731904,4.27,3.3,-2.48
2052722689341030656,2.82,4.7,-1.29
2052724029370990208,5.01,1.69,-2.68
2052736123999181824,3.39,4.09,-1.78
2052747119115620352,5.05,NULL,NULL
2052747119115620352,6.6,0.9,-0.9
2052754540819149568,4.68,6.44,-2.9
2052767528800649984,3.31,2.23,-1.56
2052775191022506112,4.57,6.17,-2.93
2052826318309391104,3.89,6.23,-2.2
2052827207364859264,0.105,0.01,-0.01
2052852912747829760,3.72,2.8,-1.92
2052865419692829056,3.55,1.87,-1.94
2052874318864239616,3.02,1.21,-1.3
2052881912366613376,5.761,1.019,-1.019
2052912492534229504,4.17,2.77,-2.22
2052941389074846336,4.07,2.31,-2.11
2052956541719356416,3.31,1.63,-1.55
2052965337812644352,4.47,6.03,-2.7
2052968773786517760,2.63,0.845,-0.93
2052973309272223232,3.09,5.5,-1.55
2052983514114840192,3.8,2.6,-2.11
2053067935992494848,3.63,5.26,-1.91
2053124285963894784,4.57,5.52,-2.9
2053165655089863808,3.55,2.27,-1.83
2053177406120368896,1.51,0.571,-0.3
2053183453434348672,2.24,0.816,-0.62
2053235577156249088,4.47,2.39,-2.43
2053284398043177216,2.51,1.13,-0.85
2053286429569716992,4.17,3.23,-2.44
2053438127812903296,1.86,1.01,-0.516
2053454478745972480,2.88,6.07,-1.37
2053457644144430848,2.34,2.35,-0.892
2053546910744629504,7.59,4.89,-4.97
2053550106200274688,2,1.19,-0.624
2053552270863859712,3.8,0.95,-0.878
2053562475706063744,0.5,NULL,NULL
2053574639053629952,1.35,0.28,-0.19
2053626934575934464,2.19,0.34,-0.25
2053636452223709696,3.8,1.87,-2.04
2054523105274216704,1.6,0.1,-0.1
2056007995732413312,2.9,0.9,-0.8
2060523518197844608,0.264,0.149,-0.15
2064327278651198336,0.3,NULL,NULL
2066437688140905600,1.9,NULL,NULL
2070115588901082368,5,3,-4
2073153024144692736,1.95,0.705,-0.474
2073155184495069184,1.32,0.28,-0.19
2073176491847171840,3.72,3.3,-2
2073195870740245504,3.55,2.9,-1.87
2073199409793428736,1.7,0.74,-0.401
2073277200237694464,2.69,1.94,-1.14
2073280185224841728,1.7,0.53,-0.392
2073292868280455936,3.98,4.51,-2.35
2073299327911286144,4.57,6.24,-2.7
2073478823183937536,2,NULL,NULL
2073530190996615424,7.1,4.5,-4.8
2073591420052466048,5.13,1.9,-2.65
2073622068939722368,4.27,6.16,-2.6
2073641344741406464,2.29,1.28,-0.78
2073671753111037440,2.14,1.2,-0.649
2073719238270085504,2.51,0.83,-0.912
2073731161099713408,2.34,NULL,NULL
2073733325763480320,6.46,5.08,-3.46
2073746932220288256,4.07,4.88,-2.44
2073768853731839104,2.69,1.7,-1.09
2073793249146651136,5.62,5.67,-3.36
2073793420945053824,4.4,0.25,-0.25
2073804411752924288,3.55,0.84,-0.4
2073856917743350784,2.67,0.91,-0.91
2073861006552197120,4.47,4.74,-2.74
2073907392200330112,3.16,2.51,-1.4
2074815898041643520,8.2,4.1,-5
2075063150726110208,5.62,4.19,-3.24
2075107062469670272,4.47,6.17,-2.71
2075112109039378688,3.14,NULL,NULL
2075132209486310912,4.4,2.1,-1.4
2075161655782111872,1.91,1.26,-0.602
2075358472669256448,2.69,1.3,-0.938
2075389018477664384,3.47,3.42,-1.78
2075412451819530624,5.5,1.6,-2.54
2075875277491246848,4.17,4.64,-2.47
2075964612812129792,2.57,1.84,-0.876
2075971312960643712,3.24,1.4,-1.51
2075972481191725696,1.58,0.65,-0.346
2075987599477644672,3.47,3.5,-1.8
2075998903831657472,0.5,0.46,-0.46
2076085318570299136,3.44,0.6,-0.91
2076087964270165632,3.63,6.39,-2.01
2076090506891080704,4.57,5.92,-2.81
2076102635879020928,4.07,4.4,-2.33
2076166029596100224,2,0.721,-0.533
2076173859319258368,2.75,0.53,-0.56
2076186611079704320,4.47,5.74,-2.73
2076194101502797952,3.02,1.54,-1.36
2076198190312168576,3.63,2.37,-1.94
2076214889145035136,5.13,5.76,-3.24
2076245950349844608,3.72,1.23,-1.68
2076249351963553152,3.55,2.81,-1.75
2076253887449048320,4.57,5.13,-2.88
2076280000851171328,4.37,4.24,-2.65
2076325527501566208,2.88,1.66,-1.17
2076328963475704576,2,1,-1
2076459496119200000,3.55,1.96,-1.88
2076477053946253952,4.07,4.09,-2.44
2076483616656410496,1.12,0.13,-0.082
2076495402046502016,4.68,6,-2.94
2076517323560360576,4.68,1,-1.73
2076565805151925760,2.09,1.63,-0.66
2076565908231148928,2.75,1.26,-1.11
2076578312097047168,2.4,0.734,-0.751
2076579445968420736,2.95,1.39,-1.14
2076589960045421184,1.91,1.28,-0.632
2076595869920511104,4.07,3.55,-2.32
2076598687419100800,4.17,4.32,-2.49
2076599065376447488,2.88,1.57,-1.12
2076601230039790592,5.01,3.56,-3
2076661630160275072,1.74,0.617,-0.404
2076692386427776768,5.62,3.97,-3.36
2076748083562850560,1.55,0.59,-0.31
2076782889978499840,4.9,3.54,-2.53
2076783920770722560,4.27,5.24,-2.59
2076790552200353536,4.17,5.56,-2.41
2076819276942298496,2.95,1.92,-1.24
2076848310922066048,3.31,2.21,-1.57
2076871091425583232,1.47,NULL,NULL
2076880231116348672,3.72,4.36,-2.04
2076891329311747584,3.09,2.43,-1.41
2076924314661348736,5.62,6.07,-3.71
2076943796633684352,3.31,2.65,-1.69
2076947266967292928,3.89,4.26,-2.18
2076960598545789824,8.5,1.1,-1.4
2076970047474270208,3.16,0.39,-0.39
2077041103410971392,3.02,1.7,-1.22
2077119748545602304,2.09,1.45,-0.759
2077119752853895552,3.16,2.06,-1.45
2077144491865963776,4.68,5.65,-2.71
2077176618218057216,4.07,3.6,-2.34
2077219052496826368,2.4,0.89,-0.773
2077232246636173056,4.9,5.79,-3.1
2077241558125147904,3.16,1.37,-1.43
2077243138673356928,3.39,0.4,-0.4
2077383395124052096,4.57,4.53,-2.79
2077383670001955968,3.98,2.27,-2.22
2077389820395188736,3.55,2.63,-1.86
2077409645964537472,6.31,3.15,-3.81
2077413734773457536,5.01,6.05,-3.1
2077424210192781440,4.47,5.65,-2.78
2077479121354236160,3.47,2.21,-1.8
2077536673917322368,4.79,4.15,-2.99
2077553200951551360,4.27,5.62,-2.63
2077556465126659456,4.37,2.7,-2.56
2077580345142027136,4.47,4.43,-2.71
2077586873492185344,0.8,0.9,-0.5
2077595394707557120,4.17,4.07,-2.5
2077598384004774912,2.04,1.07,-0.619
2077601407662547072,3.98,2.42,-2.2
2077604981077075712,3.24,1.85,-1.45
2077617930392844800,3.5,1.3,-1.3
2077689059355373440,1.62,0.632,-0.42
2077722010342674944,4.37,4.26,-2.65
2077728538692850816,4.17,5.54,-2.37
2077738571736987008,4.47,6.05,-2.85
2077764169742391808,1.95,0.62,-0.454
2077774821262122752,5.13,5.86,-3.26
2077805263989929728,4.37,4.32,-2.69
2077811410082955776,6.17,3.54,-3.84
2077823440291891840,4,1.7,-1.7
2077831239952281472,4.07,4.8,-2.41
2077837115462974080,4.07,0.72,-0.5
2077837390345483904,4.37,5.08,-2.64
2077858143627173504,2.4,0.997,-0.735
2077889892023816960,1,NULL,NULL
2077891644372852864,2.82,0.863,-1.08
2077892640805120128,4.9,6.09,-3.13
2077894083914484352,3.8,2.21,-1.98
2077894736749534080,4.07,5.41,-2.43
2077895183426195712,4.57,5.09,-2.88
2077902914366974464,4.68,5.7,-2.97
2077911332502996224,3.55,2.01,-1.76
2077954724552784640,4.37,4.8,-2.62
2077954866292643840,4.17,2.7,-2.2
2077956171962729856,3.47,1.89,-1.6
2077961463362645632,3.31,2.8,-1.61
2077967888633787264,3.31,1.96,-1.59
2077967957353259136,4.07,4.38,-2.39
2077988401397704320,4.57,5.48,-2.88
2077994272606400512,1.86,1.15,-0.594
2078003897636955008,3.8,3.73,-2.1
2078008703696509056,3.55,1.19,-1.58
2078012796808952832,4.79,6.13,-2.99
2078019187720711424,3.98,3.15,-2.23
2078025990949149056,3.09,1.99,-1.31
2078038738412342656,2.82,1.53,-1.14
2078049767888231936,1.62,0.52,-0.32
2078088005976092416,4.17,2.83,-2.36
2078097665364576384,4.17,2.67,-2.31
2078125359313871488,4.57,6.34,-2.85
2078147796220283776,4.37,4.13,-2.62
2078175627609397376,3.47,1.59,-1.74
2078176589682140160,4.27,3.18,-2.5
2078201809729303040,3.89,3.06,-2.22
2078225792827512704,2.24,5,-0.884
2078284547978727808,4.17,3.92,-2.45
2078286197246582016,4.68,6.47,-2.92
2078291832243170048,5.01,5.88,-2.95
2078297810838102272,3.09,1.55,-1.35
2078310008545447808,4.47,6.1,-2.78
2078316296378319488,4.17,2.64,-2.15
2078399790542181376,3.8,3.26,-2.03
2078431642023279488,2.24,1.28,-0.704
2078446691589261696,2.34,1.24,-0.763
2078511803294780032,4.37,6.13,-2.68
2078515170549178880,0.65,0.44,-0.44
2078549908245590400,3.8,4.65,-2.13
2078648211455026432,4.27,5.15,-2.56
2078696005850500608,4.68,6.19,-2.89
2078707035323917568,3.63,2.89,-2
2078726238114989824,4.68,5.6,-2.91
2078729609672614784,3.39,2.81,-1.61
2078752149661192832,4.37,5.3,-2.69
2078758433192866816,4.47,6.08,-2.76
2078785787845558656,1.66,0.488,-0.32
2078801009210349440,3.39,2.49,-1.7
2078801971283008128,3.16,2.26,-2.26
2078818944993952256,4.37,4,-2.63
2078832929407597312,3.02,5.91,-1.48
2078840900864235136,5.01,5.8,-3.13
2078849112841866624,2.69,1.74,-1.04
2078920821617340416,3.09,2.01,-1.4
2078933569080413056,2.82,1.08,-1.11
2078999608496984448,2.95,2.62,-1.23
2079000330051813504,4,NULL,NULL
2079000330051813504,4,0.6,-0.6
2079005651508492032,1.78,0.632,-0.499
2079028676836456960,4.27,5.42,-2.57
2079056714383865856,3.63,3.8,-1.94
2079139864948330752,4.9,1.88,-2.48
2079192121810035840,7.41,4.28,-4.88
2079247239132750720,3.39,4.59,-1.82
2079295514562689280,2.51,1.33,-0.949
2079295583282164992,10,2.3,-2.3
2079298435140815360,1.7,0.751,-0.38
2079323758268003968,3.8,3.3,-2.02
2079404572371719680,4.37,5.92,-2.57
2079548917633369472,3.39,2.55,-1.72
2079563829758338432,4.37,2.57,-2.29
2079597124345617280,6,2,-2
2079608703576897024,3.98,3.54,-2.23
2079650828617180288,4.37,6.13,-2.64
2079669589034384000,4.57,5.71,-2.87
2079691991583086592,3.24,2.04,-1.44
2079700100481104000,4.37,5.3,-2.64
2079728790863754752,4.07,5.22,-2.43
2079733154550359424,6.76,5.15,-4
2079749956462030720,2.19,0.989,-0.643
2079750265699679872,2.82,1.22,-1.06
2079752464723012096,7.76,1.5,-2.62
2079804588446924672,4.37,5.12,-2.7
2079807646464016256,4.68,6.3,-3.01
2079813934296000512,4.37,5.36,-2.73
2079877568529123328,4.79,6.2,-3.02
2079897050500386944,2.75,1.39,-1.04
2079902101382181248,3.55,1.92,-1.68
2079905193758608384,4.37,5.4,-2.44
2079920140245373184,3.98,2.87,-2.24
2079920552562267904,2.75,1.08,-1.07
2079920724360946560,6.03,5.91,-3.53
2079963811474106496,4.07,3.15,-2.38
2079981712895637248,4.37,6.25,-2.68
2080016106994504704,3.16,1.68,-1.4
2080018374737161984,2.88,5.26,-1.36
2080048680026646912,4.27,4.54,-2.58
2080054761700390272,3.39,6.07,-1.79
2080057269961317120,3.8,2.64,-2.08
2080058266393766656,3.8,5.3,-2.16
2080061393129929088,3.89,3.27,-2.16
2080061942886335744,4.4,1.3,-1.1
2080067440445173760,1.78,0.534,-0.4
2080070975195117312,3.55,5.32,-2.19
2080098840942920704,1.38,0.508,-0.27
2080165846735990144,2.34,2.08,-1.03
2080168561154800384,2.1,0.8,-0.9
2080172576942778112,3.8,3.08,-2.05
2080188249284118528,4.27,4.09,-2.62
2080193506325008256,4.37,3.8,-2.66
2080202611655694336,4.37,5.82,-2.68
2080247996570836736,2.82,0.914,-1.08
2080269819302745216,4.37,3.86,-2.61
2080286483776060544,4.79,6.13,-2.99
2080300949226451200,2.88,1.14,-1.1
2080310088916950016,4.47,5.98,-2.78
2080314315164334464,3.98,3.02,-2.17
2080326444152019456,4.27,4.52,-2.6
2080353416547448320,5.37,1.94,-2.69
2080355615570219904,3.39,0.947,-1.37
2080362899836411136,1.91,0.61,-0.443
2080369355161370240,3.63,1.88,-1.67
2080381625890666496,4.17,5.92,-2.38
2080388566557873280,3.47,5.95,-1.84
2080390353264322944,4.17,5.58,-2.57
2080406364902715776,4.27,2.64,-2.45
2080452613110460928,5.62,3.07,-3.35
2080453025427246848,2.4,1.92,-0.99
2080466185207274880,3.55,2.65,-1.8
2080476321330727808,3.8,6.04,-2.07
2080484842545877120,3.89,3.5,-2.18
2080529922521395712,12.3,1.6,-3
2080534148769345408,5.13,5.96,-3.23
2080548957816447872,4.57,5.83,-2.64
2080562667352233728,5.13,3.6,-2.91
2080563320187721344,5.13,5.74,-3.11
2080580328258222208,10.47,2.2,-4.47
2080605823183999616,9.12,1.9,-2.09
2080650559563974144,5.5,2.3,-2.97
2080657740749601792,3.39,2.88,-1.66
2080811118319262080,4.3,1.6,-1.1
2081875484241210240,2.59,1.94,-1.61
2081897989863673216,3,7.7,-0.3
2081897989863673216,4.07,5.83,-2.26
2082074942519913344,4.83,NULL,NULL
2082142734285082368,0.046,0.009,-0.007
2082161219824397568,1.48,0.512,-0.27
2082162147537254400,4.07,6.02,-2.5
2082286632869692928,2.34,1.45,-0.827
2083061376251298688,2.45,0.92,-0.84
2083391813854073856,3,2.5,-2.5
2085193569812098944,4.37,5.08,-2.66
2085210887120749824,1.55,0.674,-0.3
2085222191474854656,5.8,2.4,-1.5
2085225627448615424,4.17,4.72,-2.45
2085258750237006208,4.27,3.77,-2.45
2085286890863482752,3.09,0.7,-0.62
2085337502756644224,4.57,5.76,-2.81
2085502463860057984,3.8,4,-2.11
2085514146171216768,3.89,2.36,-2.12
2085519781168726912,4.79,5.83,-2.96
2085527924426959104,4.57,5.83,-2.87
2085599186522693632,2.95,1.94,-1.19
2085625368643700736,3.55,1.57,-1.58
2085676083618453376,4.47,5.7,-2.71
2085724496490595584,4.17,6.45,-2.74
2086298132320300288,3.8,2.35,-2.03
2086302805244921984,3.55,2.38,-1.75
2086306584816171392,7.5,0.5,-0.5
2086307031492729856,5.25,6,-3.1
2086316205543022336,3.72,5.32,-2.07
2086320878467532032,3.8,3.02,-2.08
2086366370762352640,4.17,4.87,-2.52
2086388807671765504,4.47,6.05,-2.77
2086389357427331712,4.37,1.59,-1.11
2086398222240415616,2.14,1.31,-0.832
2086414268238649984,4.68,6.11,-2.88
2086419903235549312,2.19,0.75,-0.607
2086441721667415424,4.27,6.2,-2.48
2086474260339833088,3.39,1.91,-1.66
2086485186737501696,4.47,3.9,-3
2086498312157538688,8.8,3.3,-4
2086505630781210752,3.02,0.5,-0.686
2086507280048687488,4.57,6,-2.83
2086526693301504896,4.79,5,-3.04
2086532122140235904,4.68,5.65,-3
2086541158751075968,3.24,1.82,-1.55
2086543048537237760,5.89,5.62,-3.63
2086552256947163392,3.02,1.3,-1.31
2086577373912703104,2.8,0.3,-0.3
2086586273085111808,2.09,0.633,-0.493
2086625752425381632,4.29,0.7,-0.56
2086629463276947456,6.03,5.43,-3.88
2086631456141614848,4.17,2.8,-2.4
2086681002884954240,3.55,1.72,-1.77
2086724227433964928,4.17,3.06,-2.43
2086727319810829440,1.48,0.674,-0.355
2086734157398583424,4.68,6.06,-2.75
2086784185178032384,2.34,2.15,-0.872
2086809645744257792,4.17,2.94,-2.41
2086814864122389760,4.79,6.23,-3.05
2086818579276362624,3.89,1.7,-2.02
2086827237930612096,3.02,1.67,-1.34
2086830502105850240,4.79,3.69,-2.94
2086833663201784704,4.17,6.16,-2.44
2086838576644246144,3.31,1.55,-1.53
2086851495906130176,3.98,4.28,-2.31
2086853351332014976,4.68,5.87,-2.72
2086856271911588224,2.75,1.34,-1.04
2086877368789994240,2,1.35,-0.621
2086935024430952960,3.8,2.73,-2.08
2086940448965828992,3.72,1,-1.5
2087167708577798784,2.04,0.576,-0.619
2087171453788422528,5.3,2.4,-3
2087191485516004224,4.79,5.61,-3.04
2087215262455233664,3.47,4.22,-1.9
2087243952836878080,7.76,3.51,-3.31
2087263361789975040,4.07,2.8,-2.31
2089570519439964416,0.7,0.15,-0.15
2096535783864546944,4.6,1,-1
2099011888349441536,1.9,0.5,-0.7
2099071433776757888,4.37,4.88,-2.66
2099073667159859840,3.63,1.06,-1.51
2099122522408063232,2.34,1,-0.841
2099156817725596800,3.98,3.82,-2.2
2099183583961614208,3.39,5.26,-1.95
2099219867845754752,3.39,2.18,-1.66
2099524776162690944,4.27,6.06,-2.44
2099527421862552832,3.72,2.46,-1.99
2099534293810509312,3.55,2.22,-2
2099541715513813504,5.25,1.41,-1.39
2099605968225288960,8.13,1.1,-1
2099606483621385216,2.84,0.35,-0.35
2099619059285601280,3.89,2.85,-2.22
2099620777272914944,5.75,6.3,-4.27
2099632837540824192,3.63,2.8,-1.82
2099651529238509696,11.75,2.2,-5.6
2099656472742686848,10.47,2.3,-2.1
2099681216051775616,4.07,0.7,-1.06
2099713617285398528,3.72,2.8,-2.05
2099714751157275264,4.68,5.89,-3.03
2099728391973441920,5.37,2.27,-2.96
2099735057762220288,4.47,5.37,-2.78
2099783127036908416,7.4,1.2,-1.2
2099851331117081600,4.79,6,-2.9
2099862910348755712,2.79,NULL,NULL
2099912182214036608,4.27,2.48,-2.51
2099925719951103872,1,NULL,NULL
2099925719951103872,2,2,-1.3
2099980111415659776,5.89,3.64,-3.24
2099980386293545216,4.57,4.78,-2.85
2100009488992720896,3.47,1.65,-1.56
2100009935669354240,6.92,1.6,-2
2100018422524180864,3.72,5.97,-2.13
2100050922538767744,4.17,2.83,-2.44
2100070958564495488,4.79,6.7,-3
2100073393808483328,4.37,5.96,-2.7
2100148542853587840,4.68,5.99,-2.69
2100148611573075200,3.89,2.26,-2.1
2100214788429438336,5.01,6.05,-3.2
2100216609495590912,4.47,4,-2.76
2100219392634493568,4.37,1.55,-1.95
2100232689851871488,3.89,2.6,-2.2
2100243616248608896,2,0.8,-0.8
2100247945575646336,4.47,4.47,-2.74
2100258047339711488,2.9,8.1,-0.2
2100265950078767232,2.51,0.948,-0.848
2100279865772807424,4.79,6.13,-2.94
2100303539632796032,2.82,1.39,-1.03
2100309827464993536,4.68,5.94,-2.92
2100369888287148416,4.9,5.92,-3.07
2100392428275714688,2.56,1.06,-1.06
2100405381897402496,4.79,5.71,-2.88
2100408508633587712,1.55,0.685,-0.366
2100418850915010432,4.17,1.16,-1.8
2100559554044410624,2.82,0.804,-1.1
2100597143598879616,2.69,1.9,-1.19
2100623600597189504,3.09,1,-1.3
2100643632324807296,3.55,2.09,-1.83
2100653527927414272,4.27,3.37,-2.48
2100698745343821312,4.17,4.4,-2.4
2100906140725803392,1.35,0.47,-0.24
2100959501399885696,7,4,-4.2
2100993929859129600,3.02,1.08,-1.3
2101000836165429504,5.5,5.78,-3.3
2101006883479557504,3.55,1.52,-1.82
2101035367703145088,3.24,1,-1.3
2101074331646054656,3.31,1.31,-1.51
2101087044750770688,4.9,4.9,-3.15
2101093092063293824,3.09,0.65,-1.21
2101117418758956416,5.25,2.18,-2.7
2101123534792103168,3.02,1.36,-1.3
2101136385334437632,3.09,1.37,-1.32
2101146757674573568,1.86,2.8,-0.565
2101170951231556864,2.57,5.92,-1.15
2101175933393051008,6.2,2.7,-2.2
2101184111011462144,5,4,-4
2101186168296277376,5,4,-4
2101191326556650368,4.47,1.92,-2.27
2101229019187047040,4.07,2.97,-2.3
2101233898269847296,4.79,6.13,-2.95
2101234688543862016,4.57,6.1,-2.76
2101241285613832192,3.55,1.48,-0.781
2101242934881164416,3.98,5.61,-2.24
2101248088842146688,1.91,1.13,-0.611
2101249188353780480,4.9,6.22,-3.09
2101298357139960576,3.02,1.21,-1.26
2101303889057595136,4.9,4.94,-3.14
2101305469605609088,4.37,6.25,-2.69
2101307290671768704,3.16,6.57,-1.64
2101318556367845888,4.07,2.47,-2.3
2101340791416961664,4.79,4,-3
2101378312251177472,4.37,2.98,-2.55
2101379205604338688,0.105,0.01,-0.01
2101380545634324096,2.34,0.45,-0.626
2101410850923823488,4.79,5.95,-2.98
2101422911191267968,5.37,4.84,-3.62
2101449265111030912,7.76,4.71,-5.06
2101473385648356608,4.37,6.03,-2.51
2101476065707700480,4.68,6.83,-2.95
2101480188876308480,4.37,3.74,-2.54
2101486923385239808,11.23,0.91,-0.99
2101493898411455360,3.55,2.45,-1.93
2101495685117920128,4.07,3.85,-2.37
2101507470508342016,5.37,1.6,-1.58
2101513139864999424,4.07,2.72,-2.3
2101525749889208576,3.8,5.19,-2.12
2101594538086364032,4.47,6.32,-2.83
2101644600223555328,4.17,6.04,-2.55
2101649891623535104,3.63,1.81,-1.77
2101650647537529088,4.57,6.27,-2.8
2101651781408908160,4.07,3.04,-2.33
2101670026430316416,4.07,6.07,-2.34
2101670713625146112,2.88,0.55,-0.55
2101675661427506432,4.37,1.16,-1.7
2101689061725421312,1.7,0.981,-0.459
2101711155037463040,1.86,1,-0.568
2101719263935952768,2.63,0.42,-0.794
2101733244046205568,6.46,NULL,NULL
2101737474597174016,4.47,4.08,-2.7
2101746579928077440,4.79,5.83,-2.76
2101760014585798528,4.57,6.02,-2.85
2101768089124657664,3.63,2.86,-1.81
2101775579545559296,4.57,5.85,-2.61
2101796092309354624,3.89,2.58,-2.16
2101797535418431104,3.98,4.09,-2.33
2101798634930170240,4.9,6.14,-3.01
2101875497665518080,2.75,0.919,-1.02
2101898205154183296,4.9,5.84,-3
2101930164010053120,4.17,3.16,-2.4
2101938650863923712,3.16,4.32,-1.62
2101941434002832000,4.68,6.11,-2.76
2102038912581334656,12.02,1.8,-2.3
2102070660978313472,3.16,1.06,-1.29
2102096774379579520,3.09,6.26,-1.53
2102110174677569664,3.66,NULL,NULL
2102111102390564864,2.82,5.83,-1.32
2102113267054010880,4.79,6.38,-2.91
2102119176929154304,2.9,0.7,-0.7
2102152815113208192,3.8,2.6,-2.1
2102161989163432832,4.68,5.87,-2.79
2102170235500805376,4.27,4.42,-2.6
2102228887573941760,4.47,6.2,-2.74
2102244967931917184,3.89,5.21,-2.16
2102247132595492608,2.34,5.38,-0.93
2102249400337907456,5.37,6.03,-3.06
2102321933746075776,4.27,3.55,-2.52
2102410719308323584,4.37,6.03,-2.62
2102411578301719808,4.37,4.03,-2.63
2102431713108873216,4.17,3.58,-2.47
2102436351673656704,4,1,-2
2102468134431912064,4.47,2.26,-2.43
2102511874378223360,3.16,4.53,-1.59
2102518574527334016,2.88,0.98,-1.16
2102530188118854656,4.79,4.79,-3.12
2102530703514980864,2.4,0.706,-0.766
2102548708017562112,5.6,4.5,-3.5
2102548708017562112,7.6,3.7,-3.7
2102600488143944192,1.41,0.546,-0.28
2102601381497162240,4.68,5.89,-2.87
2102648832296149888,4.27,3,-2.5
2102700131386216576,9.7,3.7,-3.5
2102711882417133952,4.17,3.03,-2.47
2102730157496733952,4.47,3.61,-2.7
2102794517586604288,4.27,5.8,-2.48
2102814721113340928,3.55,1.93,-1.79
2102816404740404224,2.09,5.26,-0.734
2102865436087077632,4.68,6.47,-2.93
2102877015319104640,7.59,1.7,-2.06
2102899314789524480,4.79,6.1,-3.05
2102928726723805568,3.31,1.21,-1.44
2102974528255171968,4.27,2.22,-2.43
2102974833192340224,1.38,0.26,-0.19
2102976383681783552,3.31,1.6,-1.6
2102983496146969856,4.57,5.71,-2.84
2103014626070505344,7,4,-4
2103062523544455296,3.63,1.88,-1.88
2103078397743762432,3.09,1.1,-1.36
2103117666624517888,1.7,0.23,-0.25
2103377980301947264,4.37,5.75,-2.62
2103392720630278656,6.31,2.1,-2.9
2103399695656782208,3.47,2.87,-1.79
2103452266056715392,1.74,0.543,-0.407
2103502465633672320,4.57,6.05,-2.8
2103516759284836992,2.95,2.41,-1.43
2103567611698320896,4.07,4.54,-2.3
2103572731299093376,4.47,6.05,-2.71
2103578400656053632,3.47,4.22,-1.79
2103579397088495616,5.01,6.36,-3.26
2103628462794226304,4.17,5.36,-2.49
2103644611871388032,4.47,6.1,-2.69
2103645814462282752,3.47,4.81,-1.85
2103712163117363200,4.47,6.27,-2.77
2103714637018491136,2.45,5.25,-1.05
2103725219818080640,4.27,5.05,-3
2103728312194385792,4.37,5.6,-2.65
2103730579937168128,3.24,1.8,-1.52
2103737241426734336,4.68,6.36,-2.98
2103741437614605312,4.68,6,-2.84
2103743018162573952,3.8,2.49,-2.07
2103785516859681152,4.17,4.19,-2.45
2103787101707694464,4.07,3.64,-2.31
2103794420332069632,5.01,6.2,-3.1
2103799368134289024,4.07,6.04,-2.43
2103871317426712448,1.3,0.6,-0.2
2103882548762598144,5.37,1.1,-0.96
2103885782875978880,4.27,3.46,-2.5
2103904302775007872,2.75,0.53,-0.48
2103927495598786304,4.68,6.3,-3.03
2103960721465412864,2.88,1.02,-1.23
2104031227648002944,5.62,5.24,-3.22
2104037962156847744,2.95,1.36,-1.26
2104054832788419072,11.75,2.4,-7.41
2104065209430717568,3.98,5.66,-2.23
2104078025612319360,2,1,-1
2104094209049086976,4.79,5.61,-2.99
2104106647274122880,2.88,1.09,-1.13
2104140349880122368,4.9,5.92,-2.97
2104156984291199360,4.47,3.42,-2.66
2104168288644696320,4.27,3.62,-2.5
2104172854190854528,4.79,2.31,-2.64
2104245357537867008,4.68,5.92,-2.8
2104251370492901760,4.47,6.27,-2.72
2104353590712705152,3.31,1.62,-1.6
2104354690224334592,4.17,4.64,-2.45
2104452752917443584,2.51,5.32,-1.1
2104527554068149120,3.47,2,-1.8
2104530027969874944,5.13,4.6,-3.36
2104675781979819776,4.4,0.8,-0.7
2104704815958848000,3.98,5.93,-2.26
2104705193915993216,4.07,2.83,-2.01
2104710176078205440,3.55,2.37,-1.87
2104727081069413376,3.02,1.58,-1.39
2104755256054840192,4.47,5.65,-2.74
2104759585381348608,4.68,4.13,-2.88
2104822188824798848,4.9,6.12,-3.1
2104875377699739648,4.57,6.05,-2.88
2104875755656860032,3.72,3.08,-2.04
2104890633423618048,3.39,1.39,-1.58
2104972581400204672,3.31,1.45,-1.52
2105000687666286592,4.17,2.47,-2.3
2105091878412164352,3.98,2.6,-2.27
2105095348745153536,5.25,5.82,-3.22
2105106687459103488,3.39,6.1,-1.76
2105151526917259520,3.16,4.49,-1.6
2105168775506130048,4.37,4.26,-2.67
2105192999121723392,3.55,1.77,-1.81
2105221139747765504,5.01,6.23,-3.24
2105262886829784960,2.82,2.14,-1.32
2105273705848965888,4.47,6.15,-2.82
2105274977158196480,1.66,0.4,-0.31
2105291955168605440,2.75,0.868,-1.06
2105327723655307648,5.01,5.8,-3.03
2105343799713595904,4.57,3.34,-2.58
2105358166383528192,3.16,4.64,-1.56
2105362903731391744,2.82,1.97,-1.5
2105415302330571008,5,NULL,NULL
2105448841733970432,10,3,-3
2105456160358298880,3.89,2.33,-2.19
2105463135385330944,4.9,6.17,-3.05
2105474852056221824,4.57,6.37,-2.74
2105478425469064064,4.68,4.38,-2.91
2105491997566014336,4.9,6.17,-3.14
2105526799680172032,8.51,3.29,-5.27
2105528350169042560,5.13,6.07,-3.17
2105552127108243456,4.17,4.62,-2.5
2105554394851020160,4.27,5.69,-2.67
2105558930336570496,5.13,6.38,-3.15
2105597825559486336,3.63,1.79,-1.9
2105604800586437760,4.57,6.07,-2.76
2105618029085927680,4.47,6.42,-2.74
2105663727538050688,6.17,2.09,-3.36
2105673726221976576,3.39,1.57,-1.6
2105694410784851072,3.63,5.34,-1.92
2105726605858883456,4.68,6.19,-2.85
2105752581821148544,3.24,6.56,-1.66
2105847174181385600,3.8,3.26,-2.12
2105848204973533696,4.68,5.3,-2.96
2105848204973534592,4.57,5.5,-2.88
2105886790959182976,3.98,5.95,-2.27
2105915343901864832,3.89,5.81,-2.33
2105921803532722432,4.27,3.06,-2.48
2105933417124075264,4.79,6.46,-3.08
2105964306529014400,4.17,6.16,-2.45
2105969082532659328,3.63,6.39,-1.96
2106018801073572224,3.72,5.7,-2.1
2106043093408840960,4.57,6.4,-2.88
2106046632461881856,5.25,5.79,-3.24
2106132875405444352,4.68,6.47,-2.98
2106208363750121728,3.24,1.36,-1.46
2106235301785454208,0.036,0.01,-0.008
2106246984096567552,2.69,4.76,-1.31
2106279179170588288,2.88,6.53,-1.42
2106293816419205504,3.55,5.12,-1.97
2106303505865370752,2.09,1.48,-0.699
2106306082845810048,4.47,4.78,-2.7
2106311477324720384,4.47,5.37,-2.73
2106333879874204288,4.68,5.75,-2.99
2106370541711607680,1.41,0.403,-0.25
2106374557504930944,4.79,5.35,-3.04
2106384010732717184,2.95,2.27,-1.37
2106406069684947840,1.58,0.776,-0.369
2106412082639238400,9.5,2.5,-2.7
2106414144223503360,4.9,6.25,-3.16
2106427750679026688,2.75,0.818,-0.988
2106432870280171136,4.27,4.9,-2.59
2106443453079518336,4.47,3.33,-2.63
2106444552591200768,4.57,5.71,-2.7
2106496607595412480,5.5,3.44,-3.39
2106520040936657536,4.17,3.4,-2.44
2106546978971754368,4.27,5.83,-2.56
2106595941599427072,3.31,1.55,-1.58
2106597487787652352,4.57,4.7,-2.81
2106617691313437568,3.24,6.01,-1.7
2106618687745888768,4.79,6.08,-2.87
2106674071344722688,7.6,3.4,-3.1
2106679126525940096,5.01,5.63,-3.25
2106703212701656576,4.57,3.12,-2.7
2106705269988803072,5.63,NULL,NULL
2106710978002603904,4.27,1.84,-2.2
2106717678151463040,4.9,5.87,-2.98
2106735064179220480,4.57,5.7,-2.87
2106747876063966976,4.17,6.28,-2.44
2106775024555031936,1.6,0.04,-0.04
2106784610922074496,1.82,1.12,-0.581
2106805501643509888,4.47,5.86,-2.81
2106821925598401152,2.45,1.76,-1.02
2106891671567353728,4,0.8,-0.8
2106904148451706752,2.76,0.54,-0.54
2106904698207543936,4.68,5.75,-2.82
2106958363820214016,2.57,1.11,-1.32
2106981831520836736,1.91,0.34,-0.25
2106988158011587072,4.37,2.8,-2.57
2106996095111385728,4.37,5.89,-2.74
2107001283431633408,7,4,-4
2107016126838707200,4.47,5.8,-2.78
2107026778358609792,3.63,1.79,-1.98
2107084399639196544,3.89,5.97,-2.2
2107102988257870336,4.27,3.94,-2.54
2107111749991684992,3.72,6.26,-2.08
2107186134525176960,4.17,6.1,-2.58
2107236613280607104,2.19,0.757,-0.678
2107240324132394496,3.55,5.12,-1.86
2107243072911617024,1.48,0.654,-0.326
2107265028783828736,3.98,6.07,-2.42
2107279803471399168,4.68,3.43,-2.87
2107285644626768640,4.37,6.1,-2.57
2107313098057987712,4.57,5.9,-2.76
2107342716152550272,2.88,0.3,-0.31
2107385081710305152,5.25,5.57,-3.08
2107406178588473728,4.47,5.44,-2.7
2107434834610481920,2.49,0.38,-0.38
2107492421531881856,4.37,0.78,-2
2107547603271136896,2.57,5.58,-1.1
2107557464516077184,3.98,3.3,-2.28
2107563271311787136,4.9,6.17,-2.94
2107568970730102272,2.63,0.774,-0.948
2107596978215473024,3.55,5.91,-1.96
2107607354856794880,3.98,5.48,-2.27
2107617246162706048,4.47,5.81,-2.64
2107617903296016768,3.72,2.24,-2.02
2107622335702262400,4.57,6.44,-2.85
2107644188496163200,7.94,1.3,-1.99
2107644527795544832,3.09,4.2,-1.5
2110106372987465216,4,0.8,-0.8
2115776451371641984,4.4,1.9,-1.2
2116733198288204288,8.71,3.91,-4.69
2116740104595955328,4.68,5.77,-2.78
2116750034560253184,5.01,3.27,-3.07
2116961690548889088,4.17,3.54,-2.46
2117125655219423744,4.27,3.2,-2.51
2117151420726319872,3.8,0.97,-1.39
2117323498594316544,4.07,4.94,-2.43
2117331813650826624,7.2,3.6,-3.9
2117344732912435968,1.82,2.61,-0.53
2117396341239154560,4.9,2.57,-2.68
2119130163697443840,1.7,0.42,-0.359
2119147897620835840,4.79,4.81,-3.02
2119194936102585472,3.63,6.1,-1.99
2119201533172444160,5.01,5.85,-2.85
2119507506642066176,3.89,4.6,-2.3
2119511080054847616,7.76,1.9,-2.88
2119583201145735808,1.1,3.6,-0.5
2119584163218439040,4.68,5.77,-2.82
2119602202081351168,1.41,NULL,NULL
2119617320366308736,4.47,4.91,-2.79
2119646801021958272,4.37,3.88,-2.61
2119706690045629824,4.17,2.85,-2.38
2119746375543622016,5.62,5.37,-3.16
2119809116425132160,4.47,6.17,-2.76
2125705488052032640,4.27,6,-2.57
2125709405062046976,2.82,1.04,-1
2125713940547834496,2.69,2.04,-1.17
2125716891183392640,6.03,2.39,-3.35
2125730982977974016,4.9,6.02,-2.99
2125758402049480704,3.72,2.76,-1.95
2125777643502580864,7.08,2.4,-3.55
2125785438864450048,4.17,4.62,-2.49
2125790322246812672,2.69,2.34,-1.09
2125871960984455552,4.37,6.25,-2.58
2125880825797124352,4.17,2.94,-2.37
2125888419299436800,4.37,5.47,-2.72
2125896459478159360,1.58,0.447,-0.28
2125913531966017408,2.25,0.42,-0.42
2125960402948600704,4.57,6.02,-2.88
2125962155298608000,3.98,3.54,-2.27
2125965007156694528,4.9,5.89,-3.05
2125972321478224896,6.76,2.09,-3.44
2126012900332317056,4.9,6.22,-3.01
2126057774150666368,4.57,6.27,-2.81
2126073961886389888,4.57,5.9,-2.79
2126099078855696256,3.09,1.31,-1.34
2126102411750601088,3.24,2.43,-1.58
2126110795526604928,4.07,4.4,-2.33
2126163675162475136,2.69,1.1,-0.966
2126166733179219072,4.9,4.56,-3.11
2126191334752646016,3.8,1.8,-1.83
2126198756455621376,3.09,1.73,-1.36
2126234215705936640,3.98,3.15,-2.31
2126237857838346368,4.07,2.15,-2.25
2126248505058677120,4.9,6.04,-2.98
2126342380162345344,5.37,3.92,-3.47
2126343823271448832,3.47,4.4,-1.8
2126360831342941696,2.88,1.67,-1.1
2126373303927596160,3.89,5.38,-2.16
2126432196518051200,4.37,6.06,-2.67
2126432677554353280,5.25,2.37,-2.8
2126454633427425664,4.27,4.36,-2.52
2126457313486865792,2.51,1.08,-0.829
2126508676995012352,4.27,0.6,-0.69
2126509368492076928,3.55,2,-1.81
2126514556811478144,4.27,3.62,-2.34
2126518783059463168,3.2,9.6,-2.3
2126524001437900928,4.47,5.79,-2.8
2126537234238972544,4.17,4.83,-2.48
2126556132093765888,4.5,0.5,-1
2126563450717837056,4.47,6.3,-2.69
2126569051355142656,3.4,3.1,-2.2
2126577881808038016,4.47,5.72,-2.78
2126579050039312640,4.17,2.78,-2.41
2126580149550929280,3.72,2.09,-1.93
2126597054542193536,3.16,2,-1.4
2126601108991279872,5.84,NULL,NULL
2126604991642285312,3.09,1.22,-1.36
2126615024685005568,3.72,0.91,-1.03
2126632994828732032,2.63,0.64,-0.88
2126633166627436928,9.3,3,-3
2126639557538793088,4.07,3.96,-2.37
2126643543268551936,4.47,6.3,-2.84
2126648731589350272,4.9,6.3,-3.07
2126680651786377984,4.68,5.72,-2.94
2126684019040772480,4.47,4.22,-2.7
2126749714860677632,2.24,0.692,-0.575
2126773904116001536,2.95,5.66,-1.42
2126801563705846528,2.51,1.36,-0.991
2126806992544494720,2.88,0.874,-1.09
2126820324123177472,3.89,5.68,-2.2
2126835717285958912,4.47,6.15,-2.66
2126865575897687168,2.95,1.47,-1.22
2126870351901388672,3.47,5.26,-1.86
2126870661139070080,4.07,4.17,-2.39
2126878048483137152,3.39,2.53,-2
2126890417989112832,4.27,6,-2.5
2126912305142208384,7.5,2,-2
2126944603296783232,3.89,2.76,-2.18
2126970579257130112,4.57,4.74,-2.78
2126979031752904192,2.82,0.888,-1.07
2126984220073270784,3.89,3.61,-2.2
2126985280924750720,4.37,2.75,-2.52
2127008611187043456,4.9,1.83,-2.7
2127019915540964224,3.98,1.57,-2.01
2127020229079881856,3.09,2.2,-1.44
2127065652653876992,4.17,3.04,-2.5
2127115783511206016,1.78,2.68,-0.505
2127132821641254272,8.71,3.26,-4.95
2127136605512921600,5.01,4.24,-3.22
2127139491730929536,4.68,5.42,-2.94
2127190000546917632,2.82,0.923,-1.03
2127259505997243648,2.88,0.927,-1.14
2127307888808670976,4.57,6.17,-2.88
2127340290041707520,4.68,6.21,-2.85
2127355923723254272,4.27,0.74,-1.03
2127359737653864832,4.47,3,-2.38
2127382793038824832,4.68,5.89,-2.99
2127396880530950272,2.82,0.914,-1.18
2127412273694062848,3.55,2.09,-1.83
2127422890853328128,3.39,0.6,-1.04
2127431274629643008,4.57,5.83,-2.7
2127432099262972416,4.57,4.12,-2.85
2127452543307810432,4.79,6.08,-2.95
2127461236320786688,3.72,5.26,-2.1
2127518891962700672,4.57,4.94,-2.83
2127625956907154048,4.57,5.76,-2.84
2127688938307214592,2.45,1.78,-1.01
2127698215436676864,4.27,5.3,-2.67
2127712955764258048,4.57,6.27,-2.87
2127717182012104960,4.27,5.11,-2.6
2127721958016074368,4.68,6.47,-2.94
2127728520725956224,3.16,1.06,-1.4
2127749342727327616,3.72,3,-2
2127755733639236992,5.01,6.63,-3.15
2127766969273092864,3.8,2.11,-2.01
2127777307254217472,2.63,2.42,-1.12
2127781228564883456,4.17,5.56,-2.5
2127788822067165824,3.63,5.9,-1.96
2127802188005355648,4.07,3.92,-2.39
2127811705651952000,1.66,0.905,-0.46
2127812564645370880,4.57,6.12,-2.89
2127815657021840128,3.09,0.51,-0.81
2127828988601389440,4.68,5.96,-2.88
2127832768171557632,4.37,4.45,-2.61
2127836719542510848,4.17,3.1,-2.41
2127863623217139328,3.98,3.67,-2.27
2127904992341848960,3.24,4.3,-1.64
2127914132032810112,4.07,3.8,-2.32
2127941413665428992,4.57,1.39,-2.09
2127941757262806656,7,4,-4.2
2127953233416258432,4.47,5.7,-2.73
2127964572129949056,2.95,1.29,-1.19
2127973677460755584,2.82,1.02,-1.06
2127985806448631808,4.57,3.71,-2.76
2128008479575522432,4.17,4.83,-2.49
2128009617747394432,4.37,6.06,-2.59
2128039304560957952,4.79,6.4,-3
2128047069862606208,4.27,6.04,-2.6
2128074351495006720,4.37,3.56,-2.64
2128112181565948800,1,0.17,-0.17
2128125650583752832,3.98,3.3,-2.27
2128129876831370880,4.17,3.4,-2.41
2128141799661062400,4.68,6.65,-2.94
2128141834020807680,4.17,5.69,-2.49
2128145338713986688,4.68,6.21,-2.88
2128152897857003264,3.24,1.27,-1.42
2128155818434335616,4.79,3.18,-2.85
2128167225867000576,8,3,-3
2128190453050802048,4.57,5.83,-2.9
2128198836827103616,1,0.17,-0.17
2128204815421600512,3.31,1.5,-1.49
2128215909315876352,5.8,4.5,-3.6
2128223747637518208,4.47,5.65,-2.79
2128230615282091904,7.76,2.33,-3.53
2128242611132484736,3.55,0.84,-0.96
2128256286308183552,4.47,6.03,-2.67
2128256492468364160,4.9,3.19,-2.7
2128258141734121600,5.37,5.93,-3.3
2128262161823652480,3.63,2.56,-1.8
2128268380936413568,2.63,0.47,-0.555
2128273225659492608,11,2,-2
2128297208757012992,4.07,2.32,-2.29
2128298617506651904,2.04,0.656,-0.593
2128369501647063808,4.79,6.05,-2.9
2128374483807368576,3.55,1.92,-1.79
2128478044059903872,2.88,0.971,-1.15
2128481789271221632,4.27,6.06,-2.43
2128514431022374144,5.5,2.1,-2.94
2128525460498487424,3.47,1.8,-1.71
2128533466317652224,4.57,3.9,-2.8
2128593252262465280,4.07,5,-2.44
2128594420494169856,3.63,3.38,-1.98
2128776252229952000,3.63,1.83,-1.91
2128776801985730048,3.09,1.43,-1.42
2128836308750694016,3.89,2.01,-2.1
2128840912955018368,0.036,0.01,-0.008
2128893144058813056,5.13,5.64,-3.32
2128901871432519936,4.2,0.8,-1
2128927297638946176,3.89,2.16,-2.14
2128941660008727168,3.02,1.18,-1.3
2128970419109836160,3.24,2.75,-1.53
2129014330855767040,8.32,1.7,-2.86
2129025841368107136,4.47,6.27,-2.8
2129064874031303936,2.75,0.86,-1.02
2129099474286578048,3.55,1.99,-1.79
2129158435598210816,4.17,2.94,-2.43
2129158710476149376,3.8,2.18,-2.04
2129162283888866688,2.4,0.727,-0.685
2129164173675031936,3.89,3.4,-2.14
2129192692257862912,4.47,6.03,-2.68
2129215369685086080,4.37,3.93,-2.55
2129241586165440768,4.57,6.27,-2.7
2129250313538148736,4.57,5.85,-2.89
2129254333627658112,4.37,5.89,-2.71
2129295049918456960,3.39,1.6,-1.62
2129311576952316544,1.82,0.535,-0.44
2129330577887487744,1.95,4.12,-0.63
2129357580341124608,1.7,0.556,-0.459
2129369095153280000,6.17,1.89,-3.22
2129398988126072960,3.63,6.3,-2.03
2129464546506876928,4.07,1,-1.46
2129467364005869184,2.82,0.931,-1.1
2129495057954829952,4.27,0.8,-0.76
2129500383713365248,3.89,2.9,-2.15
2129503235571760128,3.47,1.94,-1.78
2129512821938786176,4.7,1.8,-1.6
2129527974583414400,3.16,1.4,-1.49
2129531822874416640,5.01,6.18,-3.22
2129550445852902656,6.84,0.9,-1.04
2129558760909448064,2.63,1.47,-1.06
2129576559253685632,2.75,6.28,-1.3
2129703552846891136,3.47,1.67,-1.72
2129725749238044928,4.57,6.19,-2.84
2129753580626548736,6.17,1.93,-3.25
2129753610686818176,3.16,1.3,-1.55
2129754847637288192,6.31,1.3,-1.86
2129755573491351040,4.27,4.96,-2.66
2129755779649780224,4.79,5.71,-3.06
2129758940745727488,4.79,6.2,-2.91
2129771615189858816,4.57,5.13,-2.82
2129776636010852224,4.07,4.56,-2.41
2129811201907123840,4.07,2.89,-2.27
2129820582115829504,4.07,2.96,-2.36
2129838139942109440,5.01,1.46,-1.9
2129847554510913536,4.27,2.88,-2.5
2129858412187969024,3.8,2.41,-2.11
2129861435845006208,4.37,6.37,-2.54
2129877825440176512,3.72,2.42,-1.99
2129894833511828864,2.45,1.66,-0.934
2129928884010551936,3.72,5.26,-2.08
2129939398090453504,4.79,5.86,-2.92
2129942765344872320,5.37,6.24,-3.54
2130024026126714880,2.29,1.64,-0.852
2130026255211751808,2.88,0.55,-0.952
2130033097097486336,2.82,1.78,-1.32
2130040450081573376,4.47,6.32,-2.76
2130115281293911552,4.57,5.18,-2.84
2130124528361197952,3.72,1.93,-2.01
2130131297229656832,3.98,1.14,-1.7
2130136176312202624,4.68,6.7,-2.9
2130168405747219072,4.68,5.96,-2.95
2130211080541825024,3.55,1.68,-1.8
2130236678547566976,4.37,2.51,-2.49
2130243550494676480,6.76,4,-4.14
2130269320298515712,4.57,4.06,-2.8
2130282789316404736,4.27,2.3,-2.4
2130309796070517888,4.07,3.64,-2.38
2130318420364920192,4.37,3.8,-2.66
2130321925058256384,3.39,1.5,-1.69
2130322955850385280,3.55,2.9,-1.87
2130326460543631360,4.37,3.2,-2.45
2130368310704421120,4.27,1.62,-1.57
2130376453962481024,3.02,1.13,-1.3
2130383394629702400,4.68,5.49,-2.93
2130389785541178752,4.57,6.44,-2.85
2130393938771375104,3.55,0.86,-1.32
2130397585201614080,1.48,0.724,-0.367
2130405728459739520,4.57,5.83,-2.71
2130427821771278976,4.57,6.05,-2.92
2130434384481265408,3.89,2.6,-2.16
2130544262626885120,4.79,6.59,-3.01
2130550520397270016,4.9,6.27,-2.98
2130552994298492288,3.98,4.95,-2.26
2130628757521503104,4.27,6.06,-2.48
2130633430445267584,4.9,5.92,-2.96
2130637038217686784,3.63,1.68,-1.86
2130652843697474816,1.26,0.33,-0.18
2130676478898097792,4.68,6.16,-2.91
2130684695176129536,4.9,5.87,-2.75
2130695518492411904,4.27,4.73,-2.56
2130762107666059136,4.27,4.71,-2.59
2130770766319922560,3.8,2.06,-2.06
2130777191591084032,4.27,5.53,-2.64
2130782895307640192,4.47,4.7,-2.78
2130815021663398144,4.79,5.83,-3.08
2130825020347168512,4.37,6.03,-2.65
2130857627739052928,4.9,6.1,-3.01
2130861785267379456,2.95,4.34,-1.4
2130866904868424320,3.24,6.01,-1.7
2130882023153533184,4.57,6,-2.72
2130911435088877056,4.37,6.4,-2.72
2130920471701096576,5.25,2.6,-3.02
2130932428889277824,3.89,5.55,-2.23
2130951464184187392,4.37,3.54,-2.6
2130959744881558272,5.3,1.4,-1.4
2130968334816264576,1.66,0.4,-0.32
2130969262529165184,4.68,3.12,-2.89
2130969503047357952,3.63,2.92,-1.96
2130976787311412352,4.27,5.5,-2.61
2130979570450326912,1.51,0.72,-0.36
2130980910480096384,5.5,2.61,-3.3
2130991596358782464,4.27,5.8,-2.65
2131048324286015104,4.27,5.87,-2.53
2131059628640021120,3.8,5.36,-2.2
2131136491375075328,4.27,2,-2.48
2131151094264000640,4.57,6.55,-2.88
2131169545443676032,4.37,2.14,-0.12
2131173187575866496,2.75,0.46,-0.8
2131178238457347712,4.68,5.87,-2.93
2131181055955983232,7.76,4.65,-4.9
2131184938606509952,2.88,1.36,-1.56
2131213903865285760,1.58,0.36,-0.27
2131216137248338304,8.42,NULL,NULL
2131228815991876736,4.07,3.53,-2.38
2131232114526859520,3.8,4.89,-2.1
2131238230560301440,3.89,6.02,-2.1
2131252627290713472,3.09,0.55,-1.03
2131294885469721984,4.37,5.16,-2.67
2131318426189833728,4.47,2.76,-2.41
2131432706679279104,3.02,2.64,-1.3
2131494313689868416,6.43,0.64,-0.61
2131495378841740800,4.9,3.87,-0.56
2131496856310537984,7.94,1.5,-2.47
2131505514964760832,3.98,1.41,-1.89
2131523450748131456,4.27,5.87,-2.61
2131523553827356544,3.8,4.77,-2.1
2131530769372738560,4.47,4.08,-2.7
2131541867567734528,4.17,6.42,-2.52
2131593269736776576,3.02,1.17,-1.3
2131593785132997632,6.68,NULL,NULL
2131621272922307968,4.07,2.97,-2.4
2131625808407771520,4.9,6.35,-3.07
2131628282308860288,7.08,1.8,-2.82
2131635154256753408,4.27,5.92,-2.46
2131643641112197888,4.47,6.15,-2.74
2131677584235170048,5.62,3.23,-3.11
2131701365472538112,4.17,2.86,-2.2
2131709921047710336,5.9,1.2,-1.2
2131729780976557952,4.9,3.32,-2.78
2131736137528127744,1.78,0.919,-0.493
2131748472674257280,3.16,1.21,-1.44
2131799084568477056,1.9,0.5,-0.4
2131804165512770176,4.47,5.91,-2.79
2131804479047342336,4.57,5.85,-2.87
2131815577243101696,4.37,6.1,-2.63
2131859244171951616,2.69,0.36,-0.678
2131860859079970176,4.27,5.7,-2.63
2131884640317332608,3.89,6.27,-2.25
2131896494426821760,4.37,5.54,-2.7
2131901682747346432,4.17,4.07,-2.49
2131910341401451264,3.98,4.07,-2.31
2131920370147385472,3.89,2.58,-2.12
2131965454422070784,4.47,6.7,-2.8
2131968065762170624,5.62,5.65,-3.3
2131968890395913344,4.47,5.91,-2.63
2132001463427986688,4.17,2.24,-2.28
2132007888699166848,3.89,6,-2.36
2132009744125068416,3.89,4.28,-2.23
2132028912560212096,3.98,6.11,-2.25
2132069598789224960,4.68,5.37,-2.96
2132086400701217792,7.47,NULL,NULL
2132114850564827008,4.27,3.13,-2.48
2132127666747169024,4.68,6.11,-2.85
2132152474478407040,2.14,4.2,-0.786
2132152916856093952,4.5,1.5,-1.5
2132155017099178624,10.6,1.5,-1.3
2132156632006693504,3.89,3.11,-2.17
2132161785967577728,3.31,5.36,-1.74
2132177282208543872,4.27,4.6,-2.6
2132178725317511936,2.57,0.35,-0.4
2132214871762396160,4.37,4.22,-2.57
2132314858600815488,5.5,5.7,-3.4
2132325200882204544,5.5,1.9,-3.01
2132623993168462464,6,4,-4
2132628489996257920,0.21,0.045,-0.045
2132652065075227648,3.89,6.13,-2.24
2132657390834750976,4.68,5.6,-3.03
2132666633603904256,2,1.29,-0.725
2132678625152847232,4.47,5.46,-2.8
2132681339572129536,4.27,5.46,-2.6
2132686356093801472,3.16,0.62,-1.1
2132699137916968576,3.2,7.5,-0.4
2132709613336959744,3.63,0.82,-0.69
2132768956905956352,0.212,0.031,-0.031
2132808608042844160,3.31,1.45,-1.62
2132885161540029952,3.8,0.8,-0.8
2132939037609090816,3.47,1.89,-1.79
2132984426823383168,3.55,3.85,-1.93
2133022669212268800,4.47,2.58,-2.42
2133035966431029376,4.57,4.72,-2.77
2133044040969963776,4.47,6.05,-2.84
2133056376115838080,4.57,3.8,-2.8
2133108190601426176,4.07,2.81,-2.27
2133127363335546112,5.75,1.4,-2.33
2133132276778226176,4.17,4.03,-2.41
2133138942567823744,3.47,1.22,-1.4
2133140076439141376,4.79,4.42,-3.06
2133150418720312832,3.8,2.06,-2.04
2133173542823321344,4.9,6.66,-3.13
2133178765503484160,3.39,0.85,-1.19
2133196151531241216,4.365,0.899,-0.899
2133215461704521088,4.79,5.98,-2.95
2133242846415831936,5.89,2.49,-3.35
2133249099888182912,5.01,5.63,-2.95
2133250405558238976,4.27,5.15,-2.57
2133259510888931456,2.63,3.31,-1.17
2133263737136893696,1.45,0.712,-0.329
2133285383772329344,2.69,0.865,-1
2133309160710350336,4.47,1.92,-2.34
2133344791759137152,3.39,2.42,-1.68
2133364308090816768,4.07,3.22,-2.34
2133369840008452224,6.89,NULL,NULL
2133394407221680256,4.37,5.75,-2.57
2133404474624835840,5.01,1.56,-2.21
2133476080319167104,3.98,5.18,-2.34
2133584309198180736,6.92,1.3,-2.36
2133609705341815680,3.02,1.57,-1.36
2133611659549905024,2.69,0.5,-0.901
2133767931937168512,5.89,3.34,-3.37
2134719834131370496,3.47,1.87,-1.73
2134725915805229952,4.37,5.89,-2.67
2134726877877965568,4.37,4.19,-2.59
2134766460297292032,4.68,6.24,-2.99
2134776218463088896,4.17,2.58,-2.41
2134798444914611712,4.9,1.4,-0.78
2134804977563800064,3.09,1.01,-1.32
2134808963293894912,4.47,5.86,-2.73
2134833427427670016,3.63,2.22,-1.95
2134837069559538176,4.37,5.94,-2.6
2134850847813263360,3.7,1.5,-3.6
2134886100904948608,1.58,0.664,-0.329
2134893660047959040,3.24,0.857,-1.28
2134894690840101376,5.01,5.06,-3.23
2134907747540447232,3.55,6.59,-2
2134932314753757312,1.48,0.644,-0.3
2134934273258874240,3.47,1.7,-1.75
2134950078738454016,3.24,2.73,-1.61
2135002576119495936,2.04,0.576,-0.586
2135008387213331456,4.47,4.89,-2.8
2135044568018500096,2.34,0.669,-0.774
2135071712211140608,3.55,2.25,-1.88
2135124213891990912,4.68,6.06,-2.76
2135175478621290624,3.8,2.97,-2.07
2135184068555793024,3.72,2,-2.02
2135220283720198528,4.17,6.16,-2.4
2135239112857020032,5.13,5.8,-3.32
2135251791600414336,3.98,3.8,-2.31
2135275362382289280,0.3,2.3,-2.3
2135275362382289280,0.7,0.5,-0.5
2135280378903961984,3.24,1.8,-1.51
2135301338343246848,2.14,1.2,-0.699
2135301441422463360,4.27,5.85,-2.52
2135314184585149696,3.8,0.96,-1.26
2135354424139022592,4.57,6.29,-2.82
2135356142125982464,4.47,6.27,-2.9
2135377135926967424,3.72,2.62,-1.96
2135398473324811392,4.27,3.25,-2.49
2135506706499750656,2.95,0.957,-1.21
2135507634212719104,5.62,3.95,-3.44
2135550652604184192,4.47,5.63,-2.81
2135594392551675520,2.57,0.49,-0.48
2136027771930903808,2.15,0.32,-0.32
2136191736602006016,7.4,1.5,-1
2136210874976312192,3.02,1.16,-1.27
2136216647412563840,4.47,5.8,-2.53
2136815881249993600,1.9,2.2,-1.3
2139082524468869248,0.75,0.55,-0.55
2139225048663855872,4.37,2.96,-2.52
2139286655674983936,3.72,6.1,-2.06
2139300262131379584,4.1,4.3,-2.8
2139306790481711232,3.89,3.93,-2.2
2139316308129355520,4.17,4.68,-2.53
2143749504651818368,3.55,1.6,-1.84
2144184945615891712,10.5,1.4,-1.4
2146576589564898688,7.93,2.07,-2.08
2151078741786155008,8.1,1.5,-1.3
2154880616774131840,6.2,2.3,-2.3
2168280502430898944,3,NULL,NULL
217334764042444288,4.8,4.1,-4.2
2185044477033336064,6.3,2.5,-1.8
2188906825165621120,0.29,0.32,-0.19
2200501793758177152,6.9,1.1,-1.1
2207199228316679808,10.1,0.05,-0.05
2216420110788943744,5,3,-4
2221164434736927360,10.7,NULL,NULL
2224458777730383616,2.39,0.45,-0.45
2226107083103120640,4.82,2.44,-1.29
2239684947894267392,4.9,1.8,-1.8
2241587416547315584,2.7,0.2,-0.2
2241743203599727744,7.3,1,-1
2245652826430109184,6.5,2.6,-2.5
2248126315275354496,8.7,NULL,NULL
2251459209896210816,6.6,NULL,NULL
2253774094189458432,0.8,NULL,NULL
2254929887069708160,7.6,1.8,-2.7
2259354802894412928,1.41,1.22,-1.11
2262322556576778752,3.2,1.9,-1.9
2263568371970517120,6.7,4.4,-4.4
2265406171296997888,1.4,0.4,-0.4
2265446887586501120,1.7,0.3,-0.3
2268372099615724288,1,NULL,NULL
2270404997834401664,7.8,4.2,-5.2
2274696151198328960,3.8,2.5,-2.1
2275130045974715904,2.7,0.3,-0.3
2281778105594488192,5.7,0.8,-0.9
2288221003213039488,1.2,1.5,-0.8
2289567870599358080,7.4,5.9,-4.8
2294170838587572736,4.8,0.7,-0.8
2296342614570999552,4.5,2.3,-1.5
2299101254886404608,2,1.2,-0.9
2299246592282070400,0.4,0.53,-0.28
2299942278201276288,6,3,-3
2300641567596591488,4.7,5.1,-3.2
2303332931542914048,1.18,0.98,-0.71
2307504062045842688,2,1.3,-0.9
2315343240650059520,0.55,0.45,-0.45
2318295979126499200,6,6.8,-5
2323985539482908416,6.78,2.93,-2.93
2327000400367097984,9.5,1.8,-1.8
2329387852426700800,4.5,NULL,NULL
2333676738050041728,5.3,1,-1
2340155679036275200,4.12,0.67,-0.67
2340919358581488768,8.47,0.78,-0.78
2343647384368388608,3.813,2.97,-2.97
2351405057377686272,6,NULL,NULL
2356241774669130880,5.3,1.6,-1.6
2358524597030794112,3.8,0.5,-0.5
2362099457224379136,1.76,0.2,-0.2
2371032916186181760,5,NULL,NULL
237640407346340736,3.65,0.92,-0.85
2385171398768647552,3.2,2.1,-3.1
2386410312150368256,3.4,0.78,-0.62
2388463203438164096,4.9,1.1,-1.1
239050153051494272,6.4,4.7,-4.4
2391838429257482496,4.586,2.487,-2.487
2398227794405981568,3.5,1.8,-1.8
2405081733281425280,4.3,3.8,-3.8
2405081733281425280,7.9,4.5,-5.2
2407507535105410944,8.7,1,-1
241035596174886016,0.075,0.005,-0.005
2413596935442139520,2.8,3.8,-1.7
2415410962124813056,4.77,0.92,-0.92
2418732758551062272,3.1,1.6,-1.3
2424621502311961344,1.93,0.93,-0.93
2446440348493043968,7,3.4,-3.2
2453680078509741056,3.9,1.6,-1.6
2493785078665571200,1.7,0.8,-0.8
2498515516990171392,3.44,0.93,-0.93
2501948402746099456,7.5,4.3,-4.6
2512326349403275520,1.816,0.274,-0.274
2512413932376364288,2.5,1.7,-1.7
2514360548993901312,5.6,3.9,-3.2
252366608956186240,1.4,0.1,-0.1
2533185974768028032,6.5,3.7,-3.1
2534388703049641472,6.1,4.8,-4.1
2535901287452166400,6.9,4.6,-4.5
255397142179844224,8.1,1.1,-1.1
2554032474712538880,7.8,4.3,-4.3
2559203924574351616,6.5,4.8,-4.3
2562569564026683520,1.17,5.72,-0.75
256580182331399296,2.6,2,-2
2584093844170270720,7.1,1.5,-1.7
2594479109451475456,5.3,2.5,-2
2594869603582993792,12.17,0.24,-0.45
2595284016771502080,0.12,NULL,NULL
2596986648798061952,7.55,0.7,-0.3
2597119620985658496,7.8,4,-4.6
2597973387468989568,10,3,-3
2603090003484152064,1,NULL,NULL
2603155390066307456,6.8,4.7,-4.5
2605161444735454464,3.5,0.5,-0.5
2630155547353593216,3.56,0.63,-0.63
2631270761382148224,5.63,1.05,-1.97
2632880927441296640,1.8,2.2,-1.3
2640121486388076032,2.9,2.2,-2.2
2641087471777046016,5.5,2.6,-2.6
2643842302456085888,5.465,4.058,-4.058
2643952940813536768,6.3,6.6,-4.7
2645940376800212096,5.5,5,-3.9
2646280705713202816,0.2,0.1,-0.1
2648914040357320576,11.9,2,-2
2657135741633337088,5.5,1.3,-1.3
2666015878575546496,0.4,0.3,-0.2
2677447294810845824,9.7,3.9,-3.9
2692455319291894400,2,NULL,NULL
2700378125204437760,11.1,1.7,-3
2726339892542980864,4.3,1.4,-1.3
2736716262948031872,0.3,0.1,-0.1
2761142326076104192,4.4,NULL,NULL
2768048564768256512,7,2.8,-2.2
277493615044741376,7.11,0.27,-0.72
2776823148594090752,2.43,1.1,-0.47
2780169409154216448,9.7,2,-1.8
2784120641627589760,0.1,0.03,-0.03
2790691147020786816,3.1,1,-0.08
2817634821194781824,10.165,1.367,-1.367
2832463659640297472,0.03,NULL,NULL
2832463659640297472,0.06,0.1,-0.03
2837047214379099904,0.15,NULL,NULL
2841043011433969152,0.5,0.7,-0.4
2862328869351558272,4.36,0.97,-0.97
2862548428079638912,3.4,1.2,-0.6
2872039996566868480,9.8,2.7,-4
2878641361300809856,0.31,0.001,-0.001
2878923523472328704,1.69,0.25,-0.25
2881820324294985856,7,2,-2
2894378838731535872,2.07,0.34,-0.34
289464440515102976,1.2,0.2,-0.2
2905983466705521792,8.6,3,-4.8
2907577758566408960,9.7,2.4,-4
2910755484609597312,9.75,2.28,-2.28
2911987212510959232,10.4,2.5,-2.5
2912264564319611136,1.4,0.6,-0.6
2913482170369046656,3.7,1.5,-1.3
2919151080524391552,1.34,0.31,-0.51
2926039005480063616,1.52,0.7,-0.7
2929750922377138816,3.8,4.6,-2.7
2930141657016297216,3.3,1.8,-1.4
2937583121652951936,2.1,1.6,-1.6
2939555954755196160,4.3,0.9,-1.3
2942084865853011712,5.4,1,-1
2951804033248308480,1.61,0.53,-0.53
2955981936912654592,3.63,0.48,-0.48
295713106830535424,0.133,0.015,-0.02
2966680597368750720,8.1,4.3,-4.3
2974906868489280768,0.053,0.022,-0.021
2980392087185289216,5,NULL,NULL
2984391358868786816,7.4,5.1,-5.1
2984582227215748864,10.9,2.9,-5.2
2986593268342544768,1.88,0.76,-0.48
2986948238799721216,2.72,0.14,-0.13
2992025233741516928,2.7,0.6,-0.5
2993561629444856960,11.2,3.4,-3.4
2993658970584498048,5.2,4.1,-3.3
2996776253547606656,1.9,1.3,-0.9
2997312063605005056,1.4,0.6,-0.7
3001428566419966592,8.4,0.9,-0.9
3010759262610139776,2.2,0.5,-0.5
3011005587574818432,2.01,0.54,-0.54
3012677738601895168,6.072,1.835,-1.835
3017365673931541376,0.007,0.003,-0.003
3020494716521521152,4.7,4.7,-2.2
3022099969137163904,4.4,4,-4
3022644120017418496,3.5,4.2,-2.4
3032656414642552192,1.1,1.3,-0.8
3034394776886475520,2.7,1.4,-0.9
30398648945512960,11,2,-2
3046327742219111808,4.7,3,-2.3
3046930579529070464,1.7,1.7,-1.1
306410392895767680,2.55,0.49,-0.25
3068540350999693952,0.115,NULL,NULL
3070964117005132416,1.2,1,-1
3073443760538892032,8,1,-1
3080104185367102592,1.27,0.28,-0.44
3085216850017388672,6.7,1.7,-2.6
3087206553745290624,2.03,0.17,-0.17
3087964941891149952,6.84,1.39,-1.39
3090083696499829376,0.102,0.0235,-0.0235
3094733088793018240,3.5,0.8,-0.5
3098404220680931968,1.85,0.34,-0.34
3101145195794755072,4.2,3.8,-3.8
3101974231859723776,1.635,1.515,-1.515
3105404467618982272,11,NULL,NULL
3107255598526406912,6.3,3.1,-3.1
3107267177757848576,1.8,0.5,-0.6
3107471240236703104,4.1,0.1,-0.5
3113201890547554432,1,1,-0.3
3120002649138831360,5,1,-1
3125611120515388800,6.9,1.4,-1.4
3126717023056016256,1.28,1.6,-0.91
3145754895088191744,6.6,2.5,-2.4
3151961363348862720,3.37,1.44,-0.27
316706322857704960,8.1,2.7,-2.5
3169225963647395712,1.73,0.47,-0.47
3179036008830848,3,2,-2
3179384931394690304,8.3,1,-1
3188967248247014784,0.95,0.59,-0.25
3210444215030339584,0.71,0.1,-0.1
3220926542276901888,9,7,-7
3222453935725951488,4,3.3,-2.5
3233785128901216128,5.7,0.9,-0.8
323386882492982144,4.67,1.45,-0.83
3241295308714904960,8.5,2,-2
3245123980001812864,5.29,1.69,-1.31
3279418602369232000,2.88,0.13,-0.13
3285426613077584384,0.65,0.1,-0.1
3291455819447952768,0.6,0.38,-0.2
3301771025223950336,2.3,0.4,-0.4
3311804515502788352,0.73,0.05,-0.052
3327980255695313792,8.4,3.24,-3.24
3330907293088717824,3.6,1.1,-1.1
3332911492327546368,5.65,3.42,-3.42
3340265717587057536,7.1,4.4,-4.8
3342228616422593664,1,0.22,-0.19
3343402074506386176,3.2,1.3,-0.8
3359074685047632640,5,3,-3
3369841304767966976,0.061,0.006,-0.006
3380479015342121600,2.16,0.29,-0.29
3383298227579280640,3.9,4.3,-2.1
338382713564401920,2.4,0.4,-0.2
3393939030531019520,3.02,0.44,-0.46
3394923127797114496,0.65,0.43,-0.37
3402980516507429888,1.64,0.3,-0.24
3406687485600728192,1.43,0.82,-0.75
3409148746676599168,3.72,3.7,-2.51
3412163401401508096,3.1,1.9,-1.4
3413793491812093824,0.12,0.64,-0.02
3417062653416093184,0.0035,0.002,-0.002
3421680597955802624,4.99,6.71,-3.55
3425691139632545152,1,NULL,NULL
3429244825638569216,7.6,2.5,-2.6
3435282862461427072,3.05,0.32,-0.32
3439633221952197120,4,NULL,NULL
3445148131761842944,4.4,3.3,-2.6
3452333199728743936,4.1,3.6,-3.6
3459372646830687104,0.008,0.004,-0.003
3460438662009633408,6.1,7,-5.5
3462511310147530752,10.84,1.28,-1.45
3464620139089832960,9.4,1.5,-1.5
3465357945752055040,9,1.9,-1.9
3476605537386300032,4.92,2.45,-1.33
348020482735930112,5,NULL,NULL
3492502001623237888,7.2,4.7,-8.1
3498553232585634816,4.3,1.1,-1.1
3507879565090229888,8.96,2.76,-3.08
3515865416826633984,5,NULL,NULL
3526198184723289472,0.14,NULL,NULL
3531943236058701824,1.5,11.3,-1.5
3533836281547278848,1.1,0.4,-0.4
3538141457982396928,4.44,0.68,-0.58
3538256769264276480,4.3,2.3,-2.3
3545653561942122368,11,5.1,-5.1
3558354604869150208,12.97,2.35,-2.35
3562427951852172288,0.5,NULL,NULL
3567602184853029760,7.54,1.3,-1.3
3574907305749250432,1.05,0.64,-0.64
3578137842709899648,7.3,1.2,-1.2
3578638842054261248,3.4,0.7,-0.7
3579426053724051584,9.8,3.4,-4.6
3579573358218514944,0.0121,0.0039,-0.0032
3580920878437938688,5.3,4.9,-3.7
3581264372742210048,9.6,3,-4.7
3582339626395387264,8.5,4.5,-2.8
3582706794559052160,8.2,4,-5
3584074376569429248,8.2,2.7,-2.1
3594183153334105216,3.68,0.078,-0.078
3596333042162818304,8.8,4,-4
359678187913760384,2.765,0.042,-0.056
3601912720075891968,3.8,3.7,-3.7
3603529272750802560,3.05,0.92,-0.99
3604866386264961792,4.9,4.8,-3.4
3607877948613218304,1.95,0.14,-0.13
3613175223837135616,8,3,-3
3616931735377523712,6.8,2.3,-2.3
3620030644476623616,5,NULL,NULL
3620325206217720320,11,2,-2
3620501712193719296,5.04,6.12,-3.59
3620612011248988416,3.7,0.4,-0.4
363012289421389056,7.41,3.06,-2.17
363314964357100800,3.71,0.68,-0.78
363702817083391232,6.1,2.6,-1.9
3643098875168270592,8.5,4,-3.4
365426679516816512,7.2,4,-4
3657653114880309248,4.2,1.1,-1.1
3663051957490779264,3.87,0.28,-0.31
3676091134604409728,0.95,0.4,-0.4
3679242575447826432,1.7,3.4,-0.9
3684934540986187776,6,4.9,-4.9
3694798019281730944,4.9,1.9,-1.7
3694842171545206656,6.5,4,-4
369669965470499456,2.4,1.6,-1.3
3698307419878650240,4.48,0.96,-0.96
3701123406596146048,6,2.6,-2.9
3719927426253118848,2.5,0.4,-0.3
3721126409323324416,7.7,1.4,-1.2
3732539683617410816,0.16,0.35,-0.06
3737308025029348608,0.5,0.3,-0.35
3738099879558957952,0.8,NULL,NULL
3751877374435102720,2.24,0.26,-0.26
37619725922094336,4.7,5.2,-3.4
3764588660860363264,6.3,2,-1.7
3767281845873242112,3.1,6.2,-0.98
3770419611540574080,4.5,4,-4
3777506754255516800,7.9,2.3,-2.2
3786035184916139136,5.7,3.3,-3.3
3791464504614567040,0.115,0.085,-0.092
3795633852707093120,1,NULL,NULL
3796072592206250624,5,NULL,NULL
3796690380302214272,6.9,4.7,-4.7
3800129201701685504,8.9,3,-3.3
3802549437248150656,2.55,1.51,-1.51
3802583419029393152,6.7,1.7,-1.6
3803004978659671040,14.9,1.7,-1.7
3803494845449564672,8.6,2.5,-3.1
3807826337147474176,8.8,1.7,-1.2
38127013099258880,6.5,1.3,-1.3
3815937670648091392,7.4,4.4,-4.2
382111248777193216,0.53,0.004,-0.004
3823126385045210880,3.61,0.86,-0.86
3830897080395058048,2.7,0.4,-0.4
385697172809355392,0.17,0.01,-0.01
3868491612036282752,5.8,1,-0.8
3868603216762016256,3,2,-2
3877070590167177344,7.53,1.3,-0.99
3895649725336884736,5.2,4.75,-2.75
3905603054348141440,3,0.8,-0.6
3924009634910406912,7.41,3.81,-2.52
3948424496764080640,8.1,4,-4
3955257343054729984,1.41,0.14,-0.14
3962403923821595264,5.9,4.9,-4
3977050728669174912,7.39,3.05,-3.05
3979511431397114752,7.4,4.5,-4.7
3980045523465047168,0.7,0.1,-0.1
3988689609004982912,0.48,0.15,-0.15
3994047048130880384,5,NULL,NULL
3997075206232885888,3.9,2.6,-2.03
4009018273332089088,11,2,-2
4021079911593673600,7.87,5,-5
402396521052843264,3.1,0.4,-0.4
4031575166693272832,1.4,0.12,-0.16
4042548116644168832,2.1,2.7,-1.5
404433018447476096,3,3.8,-2.1
4048015133392824064,0.006,NULL,NULL
4048636941542753152,7,6,-1.6
4050284898932499072,11,4,-4
4062446910648807168,1.6,0.7,-0.7
407530931116600320,7.6,4.2,-4.9
4154598526336121600,7.4,4.5,-4.9
415703635408772480,0.7,0.65,-0.65
4177560894633502720,2.5,0.7,-1
4184182737768311296,3,0.25,-0.25
4199396753205879040,4.3,4,-4
4207586980945067648,0.0051,0.0024,-0.0013
4213081309275729792,6.1,1.3,-1.3
4216036349838071424,10.2,2.5,-3.3
4216059714460162944,8.1,4,-4.8
4233021433662981760,3.8,2.6,-2.1
424427538624760576,1.35,0.35,-0.28
4255957040079935488,10.7,1,-1
4256135160951556480,6.73,2.8,-2.8
4261265619668314624,6.99,0.71,-0.71
4263427117767106816,2.2,0.6,-0.6
4263752921128319616,3,NULL,NULL
426758571995216768,4.7,3.1,-1.3
4270547520706275328,2,0.8,-0.8
4270573397890617856,5.31,2.47,-1.68
427224073427887360,1.3,0.7,-0.7
4275421969292868224,2.32,1.27,-1.27
4283597937777249408,7.2,1.5,-1
428360006379022592,0.3,0.1,-0.1
4284680029006075648,12,1.5,-1.5
4284721191974346752,4.21,2.72,-2.72
4285073581136130560,4.5,3.5,-3.5
4285511294172309504,2,1,-1
4285571629874670080,6,3,-3
4285572454508522496,3.3,2,-2
4285689616891369600,4.5,1.8,-2
4286437357841760000,8.6,1.8,-0.9
4287820848378092672,2.7,3.2,-2.7
4287832775526476800,3,NULL,NULL
430269136520563200,2.31,0.58,-0.19
4321678767076043264,3.43,0.71,-0.71
432549871529588608,7.9,3.7,-3.9
4342464209753404416,5.13,2.12,-1.33
439327501725338752,2.34,1.2,-0.8
4432401099808805888,4.28,0.68,-0.68
4439085988769170432,4,1,-1
4459907547841472128,2.41,0.81,-0.81
4474644332250439552,9,1.7,-1.7
4477300378701511296,3,3.7,-2.4
4477340334766250496,2.1,0.6,-0.5
4485937214320449280,1.25,1.1,-1.1
4524517290642206336,4.1,3.5,-2.6
4525545299652540672,8,1,-1
4531901709506539776,4.1,1.5,-1.1
4535299582687857920,2.51,0.78,-0.65
4540061704989418240,8.38,4.06,-4.06
454187981188647168,3.3,2.2,-1.7
4548496986402688384,9,4,-4
4558177980124887936,1.77,0.88,-0.68
4564566554995619072,3.97,0.75,-0.75
457317534880081152,0.27,0.09,-0.15
4575374857376398976,8.6,4.8,-4.8
4582680493669880704,9.58,1.99,-1.55
4593808272896243328,5.3,2.3,-1.9
4596481632339898240,0.6,1.4,-0.35
4597447518944594176,2,NULL,NULL
4606416269652179328,5.1,2.8,-2.8
4608935250790855296,2.2,0.1,-0.1
4609131509318715136,0.9,2.8,-0.8
4610267648427698816,3.8,5.5,-2.7
4613145315172329984,2.52,0.89,-0.82
4617759514501503616,3,1.1,-1.1
4619238087059206784,4.6,1.5,-1.5
4619939536821435904,4,2.3,-2.7
4620009665047355520,0.21,0.027,-0.027
4620574887039870720,6.7,4.9,-4.7
4620844400530949376,1.5,0.2,-0.2
4623036865373793408,2.98,1.4,-1.3
4623036865373793408,3.92,1.03,-0.98
4624979393181971328,12.82,0.73,-1.4
4632865331094140928,2.5,0.3,-0.3
4638853885598035968,2.94,0.6,-0.6
4640654168385886592,6.5,2.1,-2.1
4641274773980363520,6.4,4.4,-3.9
4641274773980363520,7.48,3.32,-3.33
4651366263526130816,1.823,0.3,-0.331
4657949756881138176,0.7,0.8,-0.5
4665704096987467776,3.73,0.62,-0.62
4668163021600295552,3.2,0.9,-0.9
4670023700215616768,4.802,0.619,-0.619
4672607178880426624,8,2.5,-2.5
4673947174316727040,3.8,3.7,-3.7
4675222436007028608,6.56,1.94,-1.94
4675576135153914368,6.2,0.5,-0.5
4679529738448820608,9.8,2.5,-3
4680527991927519744,4.9,1.2,-1.1
4680773217379728128,4.508,0.788,-0.788
4683737294569921664,6.8,2.9,-2.5
4684205720883329920,1.31,0.34,-0.47
4684513614202233728,4.7,2.7,-2
4697508196671120000,1.2,0.7,-0.7
4698692748651744128,6.8,4.4,-4.1
4699702272124241152,9.4,5.8,-5.8
470650560779277952,0.97,0.36,-0.29
4707634458245031552,4.51,0.5,-0.5
4710594412266148352,3.2,3.8,-1.5
471536354830504448,5.5,1.2,-1
4715813347286590080,5.7,1.7,-1.7
4724771790072689664,6.1,4.7,-4.7
4727755005637190016,1.79,0.91,-0.73
4728513943538448512,0.4,0.1,-0.1
47316005432912256,0.017,NULL,NULL
4733035238430992768,2.6,1.2,-1.2
474143193821024256,6,1.1,-1.1
4743692151804240896,7.2,4.8,-4.8
4758877919212831104,4.5,NULL,NULL
4758931211166869632,3.99,4.3,-2.6
4762582895440787712,0.8,1.2,-0.6
4781553628548774656,6,1.3,-1.3
4783664690873269888,5.9,5,-4.2
4785886941312921344,1.1,0.9,-1
4799563663371481344,2.5,0.5,-0.5
4816462091938129408,6.39,1.93,-1.6
4819647205326045824,9.97,2.58,-2.58
4822916912388338176,7,2,-2
4837286842168217088,0.7,NULL,NULL
4840050395924931968,4.01,2.892,-2.892
4844691297067063424,0.12,NULL,NULL
4847732649308331648,5.3,1.1,-1.1
4848140361962951552,7,0.5,-0.5
4848767461548943104,2.5,1,-1
4851398799032507776,0.5,NULL,NULL
4859136199796131200,2.7,6.8,-2.7
4864160624337973248,7,2,-3
4864759888238232320,3.4,0.95,-0.95
4870809920906672384,2.5,1.4,-1.5
4873225513593736960,9.22,1.41,-1.4
4873830691665395584,3.28,4.23,-3.56
4875693023844840448,9.77,0.25,-0.54
4877426575724467456,4.6,8.7,-4
4877544322252002048,2.1,1,-1
4880032624440826112,4.8,4,-4
4886243456388510720,7.2,2.2,-3.1
4886825544715697792,10.29,1.57,-1.48
4890849134501995392,8.9,0.31,-0.41
4890874702443960832,6.14,0.3,-0.3
4891362198412001408,10.3,1.1,-1.1
4895489043507741440,0.57,0.14,-0.14
4899428146994060800,3.6,2.6,-1.9
490410811948906752,2,0.4,-0.4
4904279261014267648,3.02,0.11,-0.11
4904523077718046720,7.7,2.7,-2.7
4906145613282734208,2.3,1.2,-1.2
4910452812646300544,2.9,0.7,-0.7
4912580642524184960,1.4,0.9,-0.9
4919770108539385472,10.5,1.4,-2
4919771654727611008,3,3.4,-2.1
4923860051276772608,4.1,4.3,-2.8
4955371367334610048,1.57,1.4,-0.94
4963614887043956096,0.035,0.005,-0.005
4968289907406396160,7.5,1.7,-2.8
4973621989046219008,5.5,3.1,-3.1
497653157602636928,5.83,2.58,-2.58
497750842338402560,2.1,1.3,-1
4990044668377961984,8,26,-8
4999067471248893952,8.07,4.12,-4.12
5001098681543159040,7,4,-4
5019835424832215424,0.8,NULL,NULL
502835190261902464,0.113,0.015,-0.015
5040416186560252416,0.12,0.01,-0.01
5044029491007060608,9,3,-3
5048310370810634624,8.5,3,-3
5049575943053753088,6.3,4.7,-4.7
5057924844082070016,6.8,2.5,-2
5064574724769475968,2,0.6,-0.6
5068777809824976256,9.6,3.8,-3.9
5078704372599743104,4.1,2.7,-2.7
5082914338199586560,14.9,3.3,-4.3
5094406193214399616,2.5,1.5,-1.1
5097529733950580736,5.9,1.7,-1.7
5098036746249924224,5.5,3,-3
5110565749968529024,1.2,1,-0.8
5124636303346779008,4,9.5,-2.8
5124636303346779008,6.2,4.7,-4.7
5137855525488932864,2.5,0.9,-0.9
5140454049422547200,6,2.4,-2.3
515574853541230720,2.9,0.4,-0.4
5164707970261890560,0.6,0.2,-0.2
5172202413314737152,7.71,1.45,-1.46
5178405479961698048,6.2,4,-3.5
5183875103632956032,0.022,0.006,-0.006
51886335968692480,0.02,0.01,-0.01
51914888911355776,0.025,0.025,-0.01
5192364501633274880,2.6,0.2,-0.2
5197568146570178176,3.88,0.82,-0.54
5201128124701636864,0.003,NULL,NULL
5201175987817179136,0.002,NULL,NULL
5201360671411974912,0.002,0.002,-0.002
5213167330349528064,0.475,0.325,-0.325
5214002100193281920,2,3,-3
5214209564293214208,3.901,0.699,-0.699
5220639164696365312,7.847,1.191,-1.191
5227928170880093568,7,1.7,-2.2
5231963962676292224,0.017,0.004,-0.004
5233604915060520576,0.0055,0.0045,-0.0045
52359538285081728,10.9,5.8,-5.8
5241964708164136192,1.2,1.5,-1.1
5244434756689177088,5.3,2.7,-2.7
5251470948229949568,0.035,0.007,-0.004
525352325110310400,6.1,3.1,-3.1
5262666416118954368,6.2,3.2,-2.2
5262709709389254528,2.346,0.425,-0.901
5264331179802870016,3.9,3.6,-2.5
5268547016621360768,0.42,0.14,-0.14
5271055243163629056,4.94,0.28,-0.28
5274517467840296832,2.1,0.6,-0.6
5275527747228841344,10.4,3.3,-3.3
5280444557068991616,2.3,0.8,-0.8
5282270085669557504,10,2,-2
5284358990266469760,0.83,0.25,-0.28
5288681857665822080,0.7,NULL,NULL
5289275864525400704,10,2.9,-3.6
53006669599267328,13.5,0.4,-0.9
5305241494923209856,9.8,2.6,-3
5313031504751276032,2.92,0.8,-0.73
5325498111172934784,4.2,5.1,-3
5340648488081462528,9.5,4.3,-5.7
5342880462319699200,0.95,0.14,-0.14
5351820556994135296,2.14,0.66,-0.52
5362352744504000256,9.3,5.5,-5.5
5376137837173646208,5.908,1.051,-1.051
5378886891123024512,6.88,4.27,-4.27
5380888758195682944,1,0.9,-0.9
5381537023379295232,9,3,-3
5382970374226953600,10.8,9,-9
5385076140853434752,4.23,2.65,-1.59
538759464958942208,0.45,0.43,-0.021
5387844681072434944,2.7,1.3,-1.8
5388416255319817856,1.6,0.1,-0.1
5391813299572883456,3.3,1.3,-1.3
5392409372314518656,4.4,1.5,-3.1
5397086969654628864,4.77,3.56,-0.91
5401358469249455104,5.733,0.391,-0.391
5401743332678544640,1.745,0.995,-0.995
5402390257832925952,12.5,1.3,-2.4
5405557504184474496,0.94,0.33,-0.31
5409268527708808320,5.4,2.4,-1.5
540977282990133888,5.7,0.4,-0.4
5411736896952029568,6.4,4.1,-3.5
5415648821879172096,0.2,0.4,-0.2
541725187117160960,9.2,1.3,-1.4
5424836719001215360,2.64,2.49,-2.49
5450366519997969536,4.6,2.5,-1.4
5452492082132835840,8.6,0.7,-0.7
5452634262730082176,4.3,4,-4
5452743423618768000,5,NULL,NULL
5453063823882876032,6.8,3.1,-2.4
545560867790611072,3.3,1.2,-1
5458258092906639232,4.5,2.9,-2.9
5461620846141553024,4.4,NULL,NULL
5466556141521710592,12.1,5,-5
5472386851683941376,11.89,0.6,-0.6
5473389537569200896,0.4,0.1,-0.1
547375547309768064,6.7,1.8,-1.8
5480006192386819456,0.5,0.25,-0.25
5481210874877547904,10.1,1.4,-1.4
5486322710592888064,6.7,0.4,-0.6
5489726768531119616,3.6,3.1,-2.3
5495052596695570816,0.03,NULL,NULL
5509620021956148736,5,0.2,-0.2
5513558648705418368,7.23,0.41,-0.55
5514929155583865216,1,NULL,NULL
5516690878153930240,0.9,0.2,-0.2
5517037434775143808,0.0156,0.0041,-0.0037
5524780333100885888,1.7,0.3,-0.3
553480551264062848,3,0.6,-0.3
5540006949934104448,0.919,0.733,-0.733
5545555570947605376,9.5,2.6,-2.8
5551551998119947648,4.201,0.625,-0.625
5555500000779464448,3.96,1.77,-1.77
5560886336446650240,5.11,0.8,-0.8
5565050255701441664,1.11,0.14,-0.14
5565208310497615232,2.64,0.5,-0.5
5566108398204103424,11,2,-2
5574111674620962688,8.235,4.386,-4.386
55752218851048320,8.4,1.9,-1.9
5579783574073770112,2.391,0.633,-0.633
5579783574073770112,2.4,0.56,-0.56
5580554052549277056,1.99,0.55,-0.4
5582647836223843840,2.17,0.16,-0.11
5583523425437258240,1.2,1.2,-0.7
5590415817155428224,0.03,0.02,-0.02
5590921485126584832,0.034,0.003,-0.003
5592019557950033536,0.4,0.29,-0.13
5603100779728361088,3.26,0.83,-0.83
5605119586158973440,0.81,0.5,-0.33
5605481703444311040,2.06,0.3,-0.3
5608644895310998272,4.74,0.7,-0.51
5619121248267202688,2.8,0.1,-0.6
562109759036198272,0.83,1.1,-0.58
5631530950664938240,1.2,1.5,-1.1
5632704511826797824,1.861,0.097,-0.18
5643762781311698048,2.2,2.1,-2.1
5656896924435896832,4.04,0.62,-0.94
5660492297395345408,4.6,3.7,-2.7
5664957444179338240,2.1,0.9,-0.9
5673934548598976256,6,NULL,NULL
5674618444832114304,2,NULL,NULL
567664766657362304,5.5,2.4,-2.4
5678340222972504832,0.96,0.6,-0.6
568619413331898240,4.7,4.2,-3.1
569673024645542528,7.7,2.2,-2.1
5701679002245319296,2.1,0.3,-0.3
570653411060484480,2.9,2.1,-1.5
5707456527828738048,4.4,2.8,-2
5707485527450614656,5.4,4.6,-4.6
5710154317045164416,7.3,3.6,-3.5
571488283984760960,1,NULL,NULL
5715145275211633792,1.07,0.75,-0.55
5723772524469252096,3.802,0.779,-0.779
5726982995343100928,7,3,-3
5735664051960550144,5.9,3,-3
5738284016370287616,7.2,4.6,-4.7
5746824674801810816,0.48,0.19,-0.19
5750936092375254016,1.4,1.5,-3.4
5765748511163751936,0.25,0.05,-0.07
5772442647192375808,0.8,NULL,NULL
5795534040654879744,3.4,3.8,-2.3
5798962867668048768,7.3,3.6,-3.4
581100382135253760,2.1,2.6,-1.1
5820908638718592256,0.4,0.6,-0.3
5831054382288870912,6.36,4.33,-4.33
583455604761166848,5.2,1.8,-0.7
58372904816938240,9,3,-4
5838450865699668736,0.027,0.003,-0.003
5842480953772012928,0.011,0.002,-0.002
5842782219960409728,4.9,4.1,-4.1
5847114914267582848,1.8,2.1,-1.2
5864061893213196032,0.0167,0.0014,-0.0014
5880886001621564928,7.5,1.8,-2.9
5898641087150340224,9.67,1.333,-1.333
5902750168276592256,12.3,1.2,-2.9
5909085279371278336,8.1,2.4,-2.4
5911182735242698496,3.7,2,-1.8
5927041953543630592,5.8,4.8,-3.9
5939949051801737472,1.622,1.369,-1.369
5945941905576552064,5.7,0.6,-0.6
5949553973093167104,1.14,NULL,NULL
5951824121022278144,0.55,0.45,-0.45
596931979481073152,8,NULL,NULL
5971244451311982336,0.02,0.004,-0.004
5975663354131618304,2,NULL,NULL
5984530842395365248,2.2,0.61,-0.28
5986650013613194624,4.7,2.3,-1.8
5989042791436795648,2.1,1.5,-1.1
5991331601015519104,2.942,2.749,-2.749
6000000322464144896,4.4,0.9,-0.9
600750922666388992,7.5,4.4,-4.7
600859258922054272,7.5,4,-3.2
6009538585839374336,3.2,2.8,-2.8
6011522757643074304,0.001,0.001,-0.001
601199802584914816,3.4,2.2,-1.4
601480723509077632,6.2,4.9,-4.2
6018047019138644480,0.3,NULL,NULL
6024733935303422208,4,3,-3
602494855483616256,7.6,4.2,-4.6
6027376203516634112,4.51,0.4,-1.21
6029992663310612096,8,2,-2
6032746832450438400,1.09,1.5,-0.78
6040105283968486144,0.018,0.003,-0.003
6045818685674325760,0.0113,0.0003,-0.0003
6047587937321868288,0.0027,0.0025,-0.0025
6048608906890968960,0.0075,0.0025,-0.0025
6048935358761628288,0.0076,0.0041,-0.025
604903468852379904,4.3,0.4,-0.4
6049072007438134272,0.0021,0.0079,-0.0018
6049072213596652288,0.002,0.001,-0.001
6049407594709184256,5,2,-2
6055854551117476480,0.015,0.006,-0.006
605593554127479936,7.4,4.4,-4.8
6056675572727076736,8,3.8,-4.1
606477252238780160,2.67,1.2,-1.2
60684353135617792,5.84,2.42,-2.42
6070080754075553792,0.014,0.004,-0.004
6072902994276659200,0.013,0.002,-0.002
6080301367488384896,4.3,4,-4
6086712585429729536,1.79,0.28,-0.28
6087996849371141248,7.96,2.97,-2.26
6099000589942631424,3,2,-2
6099012478412247296,7.2,4.3,-4.4
6105713692544123520,0.015,0.002,-0.002
6110141563309613056,0.0054,0.001,-0.001
6112606840179716096,2,NULL,NULL
6113920619134019456,0.017,0.002,-0.002
6125644402384918784,6.7,4,-5.1
6127982342061605120,2.1,1.3,-1.3
6128363666439822208,0.31,0.33,-0.2
6129327525817451648,3.2,5.5,-2.3
6133384959942131968,4,0.5,-0.5
6134228079203074176,2.3,0.22,-0.22
6139403450370668800,2.2,0.52,-0.52
6139698733664726784,4.4,4.4,-3.4
6144060260072337024,0.51,0.24,-0.24
6144125887169672064,1.894,0.077,-0.077
6147000074988843264,3.3,1.2,-1.2
6154982877300947840,1.29,0.36,-0.27
6157753406084087168,7.5,3,-3
61607255708760960,3.9,2.1,-1.9
6166183842771027328,4.192,2.274,-2.274
6171451912217279872,7.9,0.8,-0.8
6173120554255287808,7,4.7,-4.6
6173435259395017344,4.7,1.1,-1.1
6173451477191225984,7,1,-1
6176542204376734592,5.3,3.4,-3.4
6180035765135232128,10.116,0.344,-0.344
6186950525042445824,1.9,1.3,-1.8
6192360843805622528,7.3,1.67,-1.67
6194574671813047424,11.46,0.79,-1.45
6198312362812872320,5.7,1.9,-1.9
6200734415129509504,7.5,2.4,-2.5
6205812887538362624,0.016,0.0016,-0.0016
6214741299913205888,4.3,1.26,-1.04
6216644481523819776,11.5,1.3,-1.7
6220602384081327104,2.17,0.37,-0.37
6223838830917236224,10,5,-5
6224633983987510528,9.7,NULL,NULL
6224633983987511552,9.7,NULL,NULL
6225252356194921728,5.5,2.5,-2
6226694571859532800,8.4,1.6,-1.4
6230733559097425152,5.4,6.3,-5
6235663460003427200,0.0075,0.0025,-0.0025
623633615066248576,0.8,2.8,-0.7
6237129658760381056,6.7,2.4,-3
6239702034929248512,4.5,1,-1
6242058872466158848,0.01,0.003,-0.003
6243537406369453824,0.005,NULL,NULL
6243841249531772800,0.005,NULL,NULL
6244440552088537600,0.005,NULL,NULL
6245758900889486720,0.0093,0.0011,-0.0013
6249068843209158784,0.003,0.005,-0.002
625078240201245568,5.89,3.88,-2.34
6253186686054822784,0.36,0.49,-0.14
6253844468883543680,4,1.6,-0.8
6255978483510095488,1,NULL,NULL
6258810550587404672,8.3,0.7,-0.7
6259263137059042048,9,0.5,-0.6
6284007337003799552,6.6,1.6,-1.6
6287125101007614080,7.5,1.9,-1.9
6288858347945925504,7.8,5,-5
6305395724382388224,8.03,1.03,-1
6324325225803432320,4.4,3.6,-3.6
6339097679918871168,0.73,0.13,-0.13
6349145498210403840,7.8,3.1,-3
6353376831270492800,3.65,0.23,-0.23
6356417496318028800,0.52,0.26,-0.26
6357524189130820992,2.3,1,-1
6364463103935391232,6.3,4.2,-3.8
6369544118965772416,4.2,2,-2
637329067477530368,1.79,0.3,-0.26
6373308503181838592,5.5,1.9,-1.7
6375983988633147392,4.5,2,-2
6384510877400590336,4.9,1,-1
6387058411482257536,0.045,0.004,-0.004
6407428994690988928,3.8,0.66,-0.79
6411096106487783296,2,NULL,NULL
6412595290592307840,3.5,0.8,-1.3
6426188308031756288,6,3,-4
6427244702486210816,11,0.5,-0.5
6434759761383343744,10.32,1.58,-1.58
6436995652638923392,4.42,1.5,-1.5
643819484617141504,3.35,0.7,-0.7
6441034841743467776,2.13,0.51,-0.51
644224345413418880,3.1,0.6,-0.3
6443054270942726144,10.8,2.1,-3.6
6445881974332225536,8,1.8,-1.3
6454954010413575296,4.3,0.9,-0.9
6458529931463278848,6.99,4.4,-4.4
646125297938578944,2.73,1.3,-0.51
6462994429708755072,9.6,3.7,-5.5
647864446160474624,2.6,2.3,-1.7
6489603813690967808,1.3,NULL,NULL
6491038642006989056,4.08,2.38,-2.38
649852779797683968,0.8,NULL,NULL
6504232472302122624,5.8,4.9,-4.9
650778499868023296,2.2,3.5,-1.6
6515731817739456256,3,NULL,NULL
6517272336609082880,4.3,1.26,-1.26
651935220461650560,0.65,0.15,-0.15
6520880040423258240,6.34,0.42,-2.35
6521531466699512064,10.4,5.1,-3.5
6522218077351129216,10.3,1.9,-1.9
6529471108882243840,5,2.3,-2.3
65315118156520320,3.5,2.2,-0.9
6533307957785865856,5.4,4.4,-4.3
6535747220036134272,1,NULL,NULL
6539037542941988736,0.18,0.14,-0.14
6541360574788758016,0.47,0.17,-0.11
6552346035980010624,5.4,4.9,-4.9
6553614253923452800,2.9,8,-2.2
6562924609150908416,8.1,4.2,-4.2
657756997089784960,7,4,-4
6582435924022652672,8.71,4.12,-4.12
6585082036193768832,5.9,3,-3.4
6586580842340695040,1.95,1.41,-1.11
6592695123423391616,2.84,0.92,-1.12
661192902209491456,5,4,-2
661222279785743616,0.578,0.012,-0.012
661310756111835392,0.79,0.03,-0.03
6614751532833886464,2.1,1.4,-1.4
6632318361397624960,0.118,0.018,-0.016
6633448311454447232,4,4,-2.7
6638230431120193280,5.5,2.6,-1.7
6638412919991750912,11.97,0.42,-0.61
6640676436470581888,6,4.7,-4.7
6640975950310072960,3,1.7,-1.7
6641996571978861440,3.1,1.9,-1.9
664337230586013312,0.75,0.004,-0.007
6655168686921108864,0.2,NULL,NULL
6657994706683397504,4.2,1.5,-1.5
6658373007402886400,8.1,2.9,-4.3
6661242835829891584,6.2,2.8,-2.8
666427539629086976,1.15,0.3,-0.326
6675883485986480256,3.3,1.3,-1.1
6677909439240233472,5.952,2.684,-2.684
6678937478314860160,11,2.4,-1.6
6681720724498802176,2.4,0.9,-1.1
6682513094425008640,3.49,3.49,-3.37
6683371847364921088,9.4,3.8,-3.8
6692069568458919040,2.747,0.838,-0.838
6697758334244808192,7.957,1.096,-1.096
6710517793025165696,4.5,0.7,-0.7
6715688452614516736,5.4,5.7,-4.9
6724520279784564864,4,3.8,-3.8
675443053940533760,11.1,1.1,-6.9
6766134630213144704,1.78,0.55,-0.55
6767008363999712512,5.1,1.7,-1.7
6771939433131924096,3.3,1.7,-1.7
6772454416893148928,8.96,1.7,-1.7
6778662809294560896,6.8,1.8,-1.8
6779308394419726848,10.02,3.29,-7.3
6780546169633474944,4,NULL,NULL
6790773586275235200,1.7,0.32,-0.26
6794047652729201024,0.0185,0.0024,-0.0024
6794047652729201024,0.019,0.01,-0.006
6794047652729201024,0.0201,0.0025,-0.0024
6801474136516893184,7.4,1.6,-1.5
6803000980210856704,2.5,1.7,-1.7
6805149288493408640,4.9,1.7,-1.7
6805886373600546176,3.2,0.6,-0.4
6806639397331208320,9.55,0.99,-1.55
6812056381881853056,1.36,1.26,-1.26
6828814283414902912,4.1,0.63,-0.63
6832155218215202944,2.9,0.1,-0.1
6840435777723109888,12.48,3.23,-3.68
6843672087120107264,0.155,0.015,-0.015
6847167606385195648,7.81,0.9,-0.9
6850309426503755520,1.2,1.1,-1.1
6857756246957592320,1.3,1.5,-0.8
6858088299469303168,11,1.4,-2
686996756484129664,2.71,1.45,-1.45
6888469489370835840,9.5,0.5,-0.5
6910753016653587840,1.8,0.8,-0.8
704966762213039488,10,NULL,NULL
704967037090946688,10,NULL,NULL
709709093301608448,3.1,0.1,-0.1
713135102814770432,3.2,0.4,-0.4
726500525642401536,11.2,2.5,-2.6
727624020367528576,4.44,0.78,-0.89
729899906357408768,1.3,1.2,-0.8
732857558276385664,12.4,5.2,-5.2
734156218947945216,2.6,1.5,-1.5
741184091114529792,7.9,1.3,-1.3
747266452000257280,7.6,2.8,-1.8
750888548244441344,0.65,0.15,-0.15
759209995840837248,5.9,2.9,-1.7
778052193462283648,5.1,2.2,-2
790236569006916096,5.417,4.165,-4.165
796063843195758208,7.4,0.9,-1.1
796185407950360192,4.1,3.2,-2.4
796443724462555904,0.15,0.05,-0.05
803285607362611840,0.8,1.1,-0.5
852608874351434752,4.66,0.52,-1.12
861975270310252416,4.2,0.2,-0.2
869913435026514688,6.7,5.7,-3.8
875071278432954240,0.414,0.023,-0.023
876608292608416512,4.5,1.6,-1.1
877846136542812160,1.45,0.51,-0.51
886479673643853952,1.22,0.76,-0.76
898844639674672640,0.5,0.3,-0.15
902448598271728256,3.4,3.8,-2.4
934346740559239296,7.1,2.5,-2.9
939072613334579328,6.8,4.6,-4.7
94468978202180352,5.6,2.3,-2.2
959971546241608576,2.39,0.37,-0.37
978086481343568128,7.08,2.87,-1.98
995754258812449024,3.2,0.5,-0.5
996878131494639488,7.1,4.5,-4.5
